timestamp,pending_pod_count
2025-05-14 03:53:29,0
2025-05-14 03:53:35,0
2025-05-14 03:53:40,0
2025-05-14 03:53:45,0
2025-05-14 03:53:50,0
2025-05-14 03:53:55,0
2025-05-14 03:54:00,0
2025-05-14 03:54:05,0
2025-05-14 03:54:10,0
2025-05-14 03:54:15,0
2025-05-14 03:54:20,0
2025-05-14 03:54:25,0
2025-05-14 03:54:30,0
2025-05-14 03:54:35,0
2025-05-14 03:54:40,0
2025-05-14 03:54:45,0
2025-05-14 03:54:50,0
2025-05-14 03:54:55,0
2025-05-14 03:55:00,0
2025-05-14 03:55:05,0
2025-05-14 03:55:10,0
2025-05-14 03:55:15,0
2025-05-14 03:55:20,0
2025-05-14 03:55:26,0
2025-05-14 03:55:31,0
2025-05-14 03:55:36,0
2025-05-14 03:55:41,0
2025-05-14 03:55:46,0
2025-05-14 03:55:51,0
2025-05-14 03:55:56,0
2025-05-14 03:56:01,0
2025-05-14 03:56:06,0
2025-05-14 03:56:11,0
2025-05-14 03:56:16,0
2025-05-14 03:56:21,0
2025-05-14 03:56:26,0
2025-05-14 03:56:31,0
2025-05-14 03:56:36,0
2025-05-14 03:56:41,8
2025-05-14 03:56:46,8
2025-05-14 03:56:52,8
2025-05-14 03:56:57,8
2025-05-14 03:57:02,8
2025-05-14 03:57:07,8
2025-05-14 03:57:12,8
2025-05-14 03:57:17,8
2025-05-14 03:57:22,8
2025-05-14 03:57:27,8
2025-05-14 03:57:32,8
2025-05-14 03:57:37,8
2025-05-14 03:57:42,8
2025-05-14 03:57:47,8
2025-05-14 03:57:52,8
2025-05-14 03:57:57,8
2025-05-14 03:58:02,8
2025-05-14 03:58:07,8
2025-05-14 03:58:13,8
2025-05-14 03:58:18,8
2025-05-14 03:58:23,8
2025-05-14 03:58:28,8
2025-05-14 03:58:33,8
2025-05-14 03:58:38,8
2025-05-14 03:58:43,8
2025-05-14 03:58:48,8
2025-05-14 03:58:53,8
2025-05-14 03:58:58,8
2025-05-14 03:59:03,8
2025-05-14 03:59:08,8
2025-05-14 03:59:13,8
2025-05-14 03:59:18,8
2025-05-14 03:59:24,8
2025-05-14 03:59:29,8
2025-05-14 03:59:34,8
2025-05-14 03:59:39,8
2025-05-14 03:59:44,8
2025-05-14 03:59:49,8
2025-05-14 03:59:54,4
2025-05-14 03:59:59,4
2025-05-14 04:00:04,4
2025-05-14 04:00:09,4
2025-05-14 04:00:14,4
2025-05-14 04:00:20,4
2025-05-14 04:00:25,4
2025-05-14 04:00:30,3
2025-05-14 04:00:35,3
2025-05-14 04:00:40,3
2025-05-14 04:00:45,3
2025-05-14 04:00:50,0
2025-05-14 04:00:55,0
2025-05-14 04:01:00,0
2025-05-14 04:01:06,0
2025-05-14 04:01:11,0
2025-05-14 04:01:16,0
2025-05-14 04:01:21,0
2025-05-14 04:01:26,0
2025-05-14 04:01:31,0
2025-05-14 04:01:36,0
2025-05-14 04:01:42,0
2025-05-14 04:01:47,0
2025-05-14 04:01:52,0
2025-05-14 04:01:57,0
2025-05-14 04:02:02,0
2025-05-14 04:02:07,0
2025-05-14 04:02:12,0
2025-05-14 04:02:18,0
2025-05-14 04:02:23,0
2025-05-14 04:02:28,0
2025-05-14 04:02:33,0
2025-05-14 04:02:38,0
2025-05-14 04:02:43,0
2025-05-14 04:02:48,0
2025-05-14 04:02:53,0
2025-05-14 04:02:58,0
2025-05-14 04:03:04,0
2025-05-14 04:03:09,0
2025-05-14 04:03:14,0
2025-05-14 04:03:19,0
2025-05-14 04:03:24,0
2025-05-14 04:03:29,0
2025-05-14 04:03:34,0
2025-05-14 04:03:39,0
2025-05-14 04:03:45,0
2025-05-14 04:03:50,0
2025-05-14 04:03:55,0
2025-05-14 04:04:00,0
2025-05-14 04:04:05,0
2025-05-14 04:04:10,0
2025-05-14 04:04:15,0
2025-05-14 04:04:20,0
2025-05-14 04:04:25,0
2025-05-14 04:04:31,0
2025-05-14 04:04:36,0
2025-05-14 04:04:41,0
2025-05-14 04:04:46,0
2025-05-14 04:04:51,0
2025-05-14 04:04:56,1
2025-05-14 04:05:01,1
2025-05-14 04:05:06,1
2025-05-14 04:05:11,1
2025-05-14 04:05:17,1
2025-05-14 04:05:22,1
2025-05-14 04:05:27,3
2025-05-14 04:05:32,3
2025-05-14 04:05:37,3
2025-05-14 04:05:42,3
2025-05-14 04:05:47,3
2025-05-14 04:05:52,3
2025-05-14 04:05:58,3
2025-05-14 04:06:03,3
2025-05-14 04:06:08,3
2025-05-14 04:06:13,3
2025-05-14 04:06:18,3
2025-05-14 04:06:23,3
2025-05-14 04:06:28,3
2025-05-14 04:06:33,3
2025-05-14 04:06:38,3
2025-05-14 04:06:44,3
2025-05-14 04:06:49,3
2025-05-14 04:06:54,6
2025-05-14 04:06:59,6
2025-05-14 04:07:04,6
2025-05-14 04:07:09,6
2025-05-14 04:07:14,6
2025-05-14 04:07:19,6
2025-05-14 04:07:25,6
2025-05-14 04:07:30,6
2025-05-14 04:07:35,6
2025-05-14 04:07:40,6
2025-05-14 04:07:45,6
2025-05-14 04:07:50,6
2025-05-14 04:07:55,5
2025-05-14 04:08:01,5
2025-05-14 04:08:06,5
2025-05-14 04:08:11,5
2025-05-14 04:08:16,5
2025-05-14 04:08:21,5
2025-05-14 04:08:26,5
2025-05-14 04:08:31,5
2025-05-14 04:08:37,5
2025-05-14 04:08:42,5
2025-05-14 04:08:47,5
2025-05-14 04:08:52,5
2025-05-14 04:08:57,5
2025-05-14 04:09:02,5
2025-05-14 04:09:07,5
2025-05-14 04:09:12,5
2025-05-14 04:09:18,5
2025-05-14 04:09:23,5
2025-05-14 04:09:28,5
2025-05-14 04:09:33,5
2025-05-14 04:09:38,5
2025-05-14 04:09:43,5
2025-05-14 04:09:48,5
2025-05-14 04:09:54,5
2025-05-14 04:09:59,5
2025-05-14 04:10:04,5
2025-05-14 04:10:09,5
2025-05-14 04:10:14,5
2025-05-14 04:10:19,5
2025-05-14 04:10:24,5
2025-05-14 04:10:30,5
2025-05-14 04:10:35,5
2025-05-14 04:10:40,5
2025-05-14 04:10:45,5
2025-05-14 04:10:50,5
2025-05-14 04:10:55,5
2025-05-14 04:11:00,5
2025-05-14 04:11:05,5
2025-05-14 04:11:10,5
2025-05-14 04:11:16,5
2025-05-14 04:11:21,5
2025-05-14 04:11:26,4
2025-05-14 04:11:31,4
2025-05-14 04:11:36,4
2025-05-14 04:11:41,4
2025-05-14 04:11:46,4
2025-05-14 04:11:52,4
2025-05-14 04:11:57,4
2025-05-14 04:12:02,4
2025-05-14 04:12:07,4
2025-05-14 04:12:12,2
2025-05-14 04:12:17,2
2025-05-14 04:12:22,1
2025-05-14 04:12:28,0
2025-05-14 04:12:33,0
2025-05-14 04:12:38,0
2025-05-14 04:12:43,0
2025-05-14 04:12:48,0
2025-05-14 04:12:53,0
2025-05-14 04:12:58,0
2025-05-14 04:13:04,0
2025-05-14 04:13:09,0
2025-05-14 04:13:14,0
2025-05-14 04:13:19,0
2025-05-14 04:13:24,0
2025-05-14 04:13:29,0
2025-05-14 04:13:34,0
2025-05-14 04:13:40,0
2025-05-14 04:13:45,0
2025-05-14 04:13:50,0
2025-05-14 04:13:55,0
2025-05-14 04:14:00,0
2025-05-14 04:14:05,0
2025-05-14 04:14:11,0
2025-05-14 04:14:16,0
2025-05-14 04:14:21,0
2025-05-14 04:14:26,0
2025-05-14 04:14:31,0
2025-05-14 04:14:36,0
2025-05-14 04:14:41,0
2025-05-14 04:14:47,0
2025-05-14 04:14:52,0
2025-05-14 04:14:57,0
2025-05-14 04:15:02,0
2025-05-14 04:15:07,0
2025-05-14 04:15:12,0
2025-05-14 04:15:17,0
2025-05-14 04:15:23,0
2025-05-14 04:15:28,0
2025-05-14 04:15:33,0
2025-05-14 04:15:38,1
2025-05-14 04:15:43,1
2025-05-14 04:15:48,1
2025-05-14 04:15:53,1
2025-05-14 04:15:59,1
2025-05-14 04:16:04,1
2025-05-14 04:16:09,1
2025-05-14 04:16:14,1
2025-05-14 04:16:19,1
2025-05-14 04:16:24,1
2025-05-14 04:16:29,1
2025-05-14 04:16:35,1
2025-05-14 04:16:40,1
2025-05-14 04:16:45,7
2025-05-14 04:16:50,7
2025-05-14 04:16:55,11
2025-05-14 04:17:00,11
2025-05-14 04:17:06,11
2025-05-14 04:17:11,11
2025-05-14 04:17:16,10
2025-05-14 04:17:21,8
2025-05-14 04:17:26,8
2025-05-14 04:17:31,8
2025-05-14 04:17:37,8
2025-05-14 04:17:42,8
2025-05-14 04:17:47,8
2025-05-14 04:17:52,8
2025-05-14 04:17:57,8
2025-05-14 04:18:03,8
2025-05-14 04:18:08,8
2025-05-14 04:18:13,8
2025-05-14 04:18:18,8
2025-05-14 04:18:23,8
2025-05-14 04:18:29,8
2025-05-14 04:18:34,8
2025-05-14 04:18:39,8
2025-05-14 04:18:44,8
2025-05-14 04:18:49,8
2025-05-14 04:18:55,8
2025-05-14 04:19:00,8
2025-05-14 04:19:05,7
2025-05-14 04:19:10,7
2025-05-14 04:19:15,7
2025-05-14 04:19:20,6
2025-05-14 04:19:26,6
2025-05-14 04:19:31,6
2025-05-14 04:19:36,5
2025-05-14 04:19:41,5
2025-05-14 04:19:46,5
2025-05-14 04:19:52,5
2025-05-14 04:19:57,5
2025-05-14 04:20:02,6
2025-05-14 04:20:07,6
2025-05-14 04:20:13,6
2025-05-14 04:20:18,6
2025-05-14 04:20:23,5
2025-05-14 04:20:28,5
2025-05-14 04:20:33,5
2025-05-14 04:20:39,5
2025-05-14 04:20:44,5
2025-05-14 04:20:49,5
2025-05-14 04:20:54,5
2025-05-14 04:21:00,7
2025-05-14 04:21:05,7
2025-05-14 04:21:10,7
2025-05-14 04:21:15,7
2025-05-14 04:21:20,7
2025-05-14 04:21:26,7
2025-05-14 04:21:31,7
2025-05-14 04:21:36,5
2025-05-14 04:21:41,5
2025-05-14 04:21:46,5
2025-05-14 04:21:52,5
2025-05-14 04:21:57,5
2025-05-14 04:22:02,5
2025-05-14 04:22:07,5
2025-05-14 04:22:13,5
2025-05-14 04:22:18,5
2025-05-14 04:22:23,5
2025-05-14 04:22:28,5
2025-05-14 04:22:34,5
2025-05-14 04:22:39,5
2025-05-14 04:22:44,5
2025-05-14 04:22:49,5
2025-05-14 04:22:54,5
2025-05-14 04:23:00,5
2025-05-14 04:23:05,5
2025-05-14 04:23:10,5
2025-05-14 04:23:15,5
2025-05-14 04:23:20,5
2025-05-14 04:23:26,5
2025-05-14 04:23:31,5
2025-05-14 04:23:36,5
2025-05-14 04:23:41,5
2025-05-14 04:23:47,5
2025-05-14 04:23:52,5
2025-05-14 04:23:57,5
2025-05-14 04:24:02,5
2025-05-14 04:24:07,5
2025-05-14 04:24:13,5
2025-05-14 04:24:18,6
2025-05-14 04:24:23,6
2025-05-14 04:24:28,6
2025-05-14 04:24:33,7
2025-05-14 04:24:39,7
2025-05-14 04:24:44,7
2025-05-14 04:24:49,7
2025-05-14 04:24:54,9
2025-05-14 04:25:00,9
2025-05-14 04:25:05,9
2025-05-14 04:25:10,9
2025-05-14 04:25:15,9
2025-05-14 04:25:20,10
2025-05-14 04:25:26,10
2025-05-14 04:25:31,10
2025-05-14 04:25:36,10
2025-05-14 04:25:41,10
2025-05-14 04:25:46,10
2025-05-14 04:25:52,10
2025-05-14 04:25:57,10
2025-05-14 04:26:02,10
2025-05-14 04:26:07,10
2025-05-14 04:26:12,10
2025-05-14 04:26:17,10
2025-05-14 04:26:23,10
2025-05-14 04:26:28,10
2025-05-14 04:26:33,10
2025-05-14 04:26:38,10
2025-05-14 04:26:43,10
2025-05-14 04:26:49,10
2025-05-14 04:26:54,10
2025-05-14 04:26:59,10
2025-05-14 04:27:04,10
2025-05-14 04:27:09,10
2025-05-14 04:27:15,10
2025-05-14 04:27:20,10
2025-05-14 04:27:25,10
2025-05-14 04:27:30,10
2025-05-14 04:27:35,10
2025-05-14 04:27:41,10
2025-05-14 04:27:46,10
2025-05-14 04:27:51,10
2025-05-14 04:27:56,10
2025-05-14 04:28:01,10
2025-05-14 04:28:07,10
2025-05-14 04:28:12,10
2025-05-14 04:28:17,10
2025-05-14 04:28:22,10
2025-05-14 04:28:27,10
2025-05-14 04:28:33,9
2025-05-14 04:28:38,9
2025-05-14 04:28:43,9
2025-05-14 04:28:48,9
2025-05-14 04:28:54,11
2025-05-14 04:28:59,11
2025-05-14 04:29:04,11
2025-05-14 04:29:10,11
2025-05-14 04:29:15,12
2025-05-14 04:29:20,11
2025-05-14 04:29:25,11
2025-05-14 04:29:30,10
2025-05-14 04:29:36,10
2025-05-14 04:29:41,10
2025-05-14 04:29:46,10
2025-05-14 04:29:51,9
2025-05-14 04:29:57,9
2025-05-14 04:30:02,9
2025-05-14 04:30:07,9
2025-05-14 04:30:12,9
2025-05-14 04:30:17,9
2025-05-14 04:30:23,9
2025-05-14 04:30:28,9
2025-05-14 04:30:33,9
2025-05-14 04:30:38,9
2025-05-14 04:30:43,9
2025-05-14 04:30:49,9
2025-05-14 04:30:54,9
2025-05-14 04:30:59,9
2025-05-14 04:31:04,9
2025-05-14 04:31:10,9
2025-05-14 04:31:15,9
2025-05-14 04:31:20,9
2025-05-14 04:31:25,9
2025-05-14 04:31:30,9
2025-05-14 04:31:36,9
2025-05-14 04:31:41,9
2025-05-14 04:31:46,9
2025-05-14 04:31:51,9
2025-05-14 04:31:56,9
2025-05-14 04:32:01,9
2025-05-14 04:32:07,9
2025-05-14 04:32:12,9
2025-05-14 04:32:17,10
2025-05-14 04:32:22,10
2025-05-14 04:32:27,9
2025-05-14 04:32:33,9
2025-05-14 04:32:38,9
2025-05-14 04:32:43,9
2025-05-14 04:32:48,9
2025-05-14 04:32:54,9
2025-05-14 04:32:59,9
2025-05-14 04:33:04,9
2025-05-14 04:33:09,9
2025-05-14 04:33:15,9
2025-05-14 04:33:20,9
2025-05-14 04:33:25,9
2025-05-14 04:33:30,9
2025-05-14 04:33:36,9
2025-05-14 04:33:41,9
2025-05-14 04:33:46,9
2025-05-14 04:33:51,9
2025-05-14 04:33:57,9
2025-05-14 04:34:02,9
2025-05-14 04:34:07,9
2025-05-14 04:34:12,9
2025-05-14 04:34:18,9
2025-05-14 04:34:23,9
2025-05-14 04:34:28,8
2025-05-14 04:34:34,8
2025-05-14 04:34:39,8
2025-05-14 04:34:44,8
2025-05-14 04:34:49,8
2025-05-14 04:34:55,8
2025-05-14 04:35:00,8
2025-05-14 04:35:05,8
2025-05-14 04:35:11,7
2025-05-14 04:35:16,7
2025-05-14 04:35:21,6
2025-05-14 04:35:26,6
2025-05-14 04:35:32,6
2025-05-14 04:35:37,6
2025-05-14 04:35:42,6
2025-05-14 04:35:48,6
2025-05-14 04:35:53,5
2025-05-14 04:35:58,5
2025-05-14 04:36:04,5
2025-05-14 04:36:09,5
2025-05-14 04:36:14,5
2025-05-14 04:36:20,5
2025-05-14 04:36:25,5
2025-05-14 04:36:30,5
2025-05-14 04:36:36,5
2025-05-14 04:36:41,5
2025-05-14 04:36:46,3
2025-05-14 04:36:52,3
2025-05-14 04:36:57,3
2025-05-14 04:37:02,3
2025-05-14 04:37:08,3
2025-05-14 04:37:13,3
2025-05-14 04:37:18,3
2025-05-14 04:37:24,3
2025-05-14 04:37:29,3
2025-05-14 04:37:34,3
2025-05-14 04:37:39,2
2025-05-14 04:37:44,2
2025-05-14 04:37:50,2
2025-05-14 04:37:55,2
2025-05-14 04:38:00,2
2025-05-14 04:38:05,2
2025-05-14 04:38:11,2
2025-05-14 04:38:16,2
2025-05-14 04:38:21,2
2025-05-14 04:38:26,2
2025-05-14 04:38:31,2
2025-05-14 04:38:36,2
2025-05-14 04:38:42,2
2025-05-14 04:38:47,2
2025-05-14 04:38:52,2
2025-05-14 04:38:57,2
2025-05-14 04:39:02,2
2025-05-14 04:39:08,2
2025-05-14 04:39:13,2
2025-05-14 04:39:18,2
2025-05-14 04:39:23,2
2025-05-14 04:39:28,2
2025-05-14 04:39:34,2
2025-05-14 04:39:39,2
2025-05-14 04:39:44,2
2025-05-14 04:39:49,2
2025-05-14 04:39:54,2
2025-05-14 04:40:00,2
2025-05-14 04:40:05,2
2025-05-14 04:40:10,7
2025-05-14 04:40:15,7
2025-05-14 04:40:20,7
2025-05-14 04:40:26,7
2025-05-14 04:40:31,7
2025-05-14 04:40:36,7
2025-05-14 04:40:41,7
2025-05-14 04:40:46,7
2025-05-14 04:40:52,7
2025-05-14 04:40:57,7
2025-05-14 04:41:02,7
2025-05-14 04:41:07,7
2025-05-14 04:41:12,7
2025-05-14 04:41:17,7
2025-05-14 04:41:22,7
2025-05-14 04:41:28,7
2025-05-14 04:41:33,5
2025-05-14 04:41:38,5
2025-05-14 04:41:43,5
2025-05-14 04:41:48,5
2025-05-14 04:41:53,5
2025-05-14 04:41:59,5
2025-05-14 04:42:04,5
2025-05-14 04:42:09,5
2025-05-14 04:42:14,5
2025-05-14 04:42:19,5
2025-05-14 04:42:24,5
2025-05-14 04:42:30,5
2025-05-14 04:42:35,6
2025-05-14 04:42:40,6
2025-05-14 04:42:45,5
2025-05-14 04:42:50,5
2025-05-14 04:42:55,5
2025-05-14 04:43:01,5
2025-05-14 04:43:06,5
2025-05-14 04:43:11,5
2025-05-14 04:43:16,5
2025-05-14 04:43:21,5
2025-05-14 04:43:26,5
2025-05-14 04:43:31,3
2025-05-14 04:43:37,7
2025-05-14 04:43:42,8
2025-05-14 04:43:47,6
2025-05-14 04:43:52,6
2025-05-14 04:43:57,6
2025-05-14 04:44:03,6
2025-05-14 04:44:08,6
2025-05-14 04:44:13,6
2025-05-14 04:44:18,6
2025-05-14 04:44:23,6
2025-05-14 04:44:28,6
2025-05-14 04:44:33,6
2025-05-14 04:44:39,7
2025-05-14 04:44:44,7
2025-05-14 04:44:49,7
2025-05-14 04:44:54,7
2025-05-14 04:44:59,8
2025-05-14 04:45:04,8
2025-05-14 04:45:09,8
2025-05-14 04:45:15,8
2025-05-14 04:45:20,8
2025-05-14 04:45:25,8
2025-05-14 04:45:30,8
2025-05-14 04:45:35,8
2025-05-14 04:45:40,8
2025-05-14 04:45:45,8
2025-05-14 04:45:50,8
2025-05-14 04:45:56,8
2025-05-14 04:46:01,8
2025-05-14 04:46:06,8
2025-05-14 04:46:11,8
2025-05-14 04:46:16,8
2025-05-14 04:46:21,8
2025-05-14 04:46:26,8
2025-05-14 04:46:32,8
2025-05-14 04:46:37,8
2025-05-14 04:46:42,8
2025-05-14 04:46:47,8
2025-05-14 04:46:52,8
2025-05-14 04:46:57,8
2025-05-14 04:47:02,8
2025-05-14 04:47:07,8
2025-05-14 04:47:13,8
2025-05-14 04:47:18,8
2025-05-14 04:47:23,8
2025-05-14 04:47:28,8
2025-05-14 04:47:33,8
2025-05-14 04:47:38,9
2025-05-14 04:47:43,9
2025-05-14 04:47:49,9
2025-05-14 04:47:54,9
2025-05-14 04:47:59,9
2025-05-14 04:48:04,8
2025-05-14 04:48:09,8
2025-05-14 04:48:14,8
2025-05-14 04:48:19,8
2025-05-14 04:48:24,8
2025-05-14 04:48:30,8
2025-05-14 04:48:35,8
2025-05-14 04:48:40,8
2025-05-14 04:48:45,8
2025-05-14 04:48:50,8
2025-05-14 04:48:55,8
2025-05-14 04:49:00,8
2025-05-14 04:49:06,8
2025-05-14 04:49:11,8
2025-05-14 04:49:16,8
2025-05-14 04:49:21,8
2025-05-14 04:49:26,8
2025-05-14 04:49:31,6
2025-05-14 04:49:36,6
2025-05-14 04:49:41,6
2025-05-14 04:49:47,6
2025-05-14 04:49:52,5
2025-05-14 04:49:57,5
2025-05-14 04:50:02,5
2025-05-14 04:50:07,2
2025-05-14 04:50:12,2
2025-05-14 04:50:18,2
2025-05-14 04:50:23,1
2025-05-14 04:50:28,0
2025-05-14 04:50:33,0
2025-05-14 04:50:38,0
2025-05-14 04:50:43,0
2025-05-14 04:50:49,1
2025-05-14 04:50:54,1
2025-05-14 04:50:59,1
2025-05-14 04:51:04,1
2025-05-14 04:51:09,1
2025-05-14 04:51:14,1
2025-05-14 04:51:20,2
2025-05-14 04:51:25,1
2025-05-14 04:51:30,1
2025-05-14 04:51:35,1
2025-05-14 04:51:40,1
2025-05-14 04:51:45,1
2025-05-14 04:51:51,1
2025-05-14 04:51:56,1
2025-05-14 04:52:01,1
2025-05-14 04:52:06,1
2025-05-14 04:52:11,1
2025-05-14 04:52:16,1
2025-05-14 04:52:22,1
2025-05-14 04:52:27,1
2025-05-14 04:52:32,1
2025-05-14 04:52:37,1
2025-05-14 04:52:42,0
2025-05-14 04:52:48,0
2025-05-14 04:52:53,0
2025-05-14 04:52:58,0
2025-05-14 04:53:03,0
2025-05-14 04:53:08,0
2025-05-14 04:53:13,0
2025-05-14 04:53:19,0
2025-05-14 04:53:24,0
2025-05-14 04:53:29,0
2025-05-14 04:53:34,0
2025-05-14 04:53:39,0
2025-05-14 04:53:44,0
2025-05-14 04:53:50,0
2025-05-14 04:53:55,0
2025-05-14 04:54:00,0
2025-05-14 04:54:05,5
2025-05-14 04:54:10,5
2025-05-14 04:54:15,6
2025-05-14 04:54:21,6
2025-05-14 04:54:26,6
2025-05-14 04:54:31,6
2025-05-14 04:54:36,6
2025-05-14 04:54:41,6
2025-05-14 04:54:46,6
2025-05-14 04:54:52,6
2025-05-14 04:54:57,6
2025-05-14 04:55:02,6
2025-05-14 04:55:07,6
2025-05-14 04:55:12,6
2025-05-14 04:55:17,6
2025-05-14 04:55:23,6
2025-05-14 04:55:28,6
2025-05-14 04:55:33,6
2025-05-14 04:55:38,6
2025-05-14 04:55:43,6
2025-05-14 04:55:48,6
2025-05-14 04:55:53,6
2025-05-14 04:55:59,6
2025-05-14 04:56:04,6
2025-05-14 04:56:09,6
2025-05-14 04:56:14,6
2025-05-14 04:56:19,6
2025-05-14 04:56:24,6
2025-05-14 04:56:29,6
2025-05-14 04:56:35,6
2025-05-14 04:56:40,6
2025-05-14 04:56:45,8
2025-05-14 04:56:50,8
2025-05-14 04:56:55,8
2025-05-14 04:57:00,8
2025-05-14 04:57:05,8
2025-05-14 04:57:11,8
2025-05-14 04:57:16,8
2025-05-14 04:57:21,8
2025-05-14 04:57:26,8
2025-05-14 04:57:31,8
2025-05-14 04:57:36,8
2025-05-14 04:57:41,8
2025-05-14 04:57:47,8
2025-05-14 04:57:52,8
2025-05-14 04:57:57,6
2025-05-14 04:58:02,7
2025-05-14 04:58:07,8
2025-05-14 04:58:12,7
2025-05-14 04:58:18,6
2025-05-14 04:58:23,6
2025-05-14 04:58:28,6
2025-05-14 04:58:33,6
2025-05-14 04:58:38,6
2025-05-14 04:58:44,6
2025-05-14 04:58:49,6
2025-05-14 04:58:54,6
2025-05-14 04:58:59,6
2025-05-14 04:59:04,5
2025-05-14 04:59:10,5
2025-05-14 04:59:15,5
2025-05-14 04:59:20,5
2025-05-14 04:59:25,5
2025-05-14 04:59:30,5
2025-05-14 04:59:36,5
2025-05-14 04:59:41,5
2025-05-14 04:59:46,5
2025-05-14 04:59:51,6
2025-05-14 04:59:56,6
2025-05-14 05:00:01,6
2025-05-14 05:00:07,6
2025-05-14 05:00:12,6
2025-05-14 05:00:17,6
2025-05-14 05:00:22,6
2025-05-14 05:00:27,7
2025-05-14 05:00:32,7
2025-05-14 05:00:38,7
2025-05-14 05:00:43,7
2025-05-14 05:00:48,7
2025-05-14 05:00:53,7
2025-05-14 05:00:58,7
2025-05-14 05:01:03,7
2025-05-14 05:01:09,7
2025-05-14 05:01:14,7
2025-05-14 05:01:19,7
2025-05-14 05:01:24,7
2025-05-14 05:01:29,7
2025-05-14 05:01:34,7
2025-05-14 05:01:40,6
2025-05-14 05:01:45,6
2025-05-14 05:01:50,5
2025-05-14 05:01:55,4
2025-05-14 05:02:00,4
2025-05-14 05:02:06,2
2025-05-14 05:02:11,1
2025-05-14 05:02:16,1
2025-05-14 05:02:21,1
2025-05-14 05:02:27,1
2025-05-14 05:02:32,1
2025-05-14 05:02:37,1
2025-05-14 05:02:42,1
2025-05-14 05:02:47,1
2025-05-14 05:02:53,1
2025-05-14 05:02:58,1
2025-05-14 05:03:03,1
2025-05-14 05:03:08,1
2025-05-14 05:03:13,1
2025-05-14 05:03:19,2
2025-05-14 05:03:24,2
2025-05-14 05:03:29,2
2025-05-14 05:03:34,2
2025-05-14 05:03:39,2
2025-05-14 05:03:44,2
2025-05-14 05:03:50,2
2025-05-14 05:03:55,2
2025-05-14 05:04:00,2
2025-05-14 05:04:05,2
2025-05-14 05:04:10,2
2025-05-14 05:04:16,2
2025-05-14 05:04:21,2
2025-05-14 05:04:26,2
2025-05-14 05:04:31,2
2025-05-14 05:04:36,2
2025-05-14 05:04:42,2
2025-05-14 05:04:47,2
2025-05-14 05:04:52,2
2025-05-14 05:04:57,2
2025-05-14 05:05:02,2
2025-05-14 05:05:08,2
2025-05-14 05:05:13,3
2025-05-14 05:05:18,2
2025-05-14 05:05:23,2
2025-05-14 05:05:28,2
2025-05-14 05:05:34,2
2025-05-14 05:05:39,2
2025-05-14 05:05:44,2
2025-05-14 05:05:49,2
2025-05-14 05:05:54,2
2025-05-14 05:06:00,2
2025-05-14 05:06:05,2
2025-05-14 05:06:10,2
2025-05-14 05:06:15,2
2025-05-14 05:06:21,2
2025-05-14 05:06:26,2
2025-05-14 05:06:31,2
2025-05-14 05:06:36,2
2025-05-14 05:06:41,2
2025-05-14 05:06:47,2
2025-05-14 05:06:52,2
2025-05-14 05:06:57,5
2025-05-14 05:07:02,5
2025-05-14 05:07:07,5
2025-05-14 05:07:13,5
2025-05-14 05:07:18,5
2025-05-14 05:07:23,5
2025-05-14 05:07:28,5
2025-05-14 05:07:33,5
2025-05-14 05:07:39,5
2025-05-14 05:07:44,5
2025-05-14 05:07:49,5
2025-05-14 05:07:54,5
2025-05-14 05:07:59,5
2025-05-14 05:08:05,6
2025-05-14 05:08:10,6
2025-05-14 05:08:15,6
2025-05-14 05:08:20,6
2025-05-14 05:08:26,6
2025-05-14 05:08:31,6
2025-05-14 05:08:36,5
2025-05-14 05:08:41,5
2025-05-14 05:08:46,5
2025-05-14 05:08:52,5
2025-05-14 05:08:57,5
2025-05-14 05:09:02,4
2025-05-14 05:09:07,4
2025-05-14 05:09:13,4
2025-05-14 05:09:18,4
2025-05-14 05:09:23,4
2025-05-14 05:09:29,4
2025-05-14 05:09:34,4
2025-05-14 05:09:39,4
2025-05-14 05:09:44,4
2025-05-14 05:09:50,4
2025-05-14 05:09:55,4
2025-05-14 05:10:00,4
2025-05-14 05:10:06,4
2025-05-14 05:10:11,4
2025-05-14 05:10:16,4
2025-05-14 05:10:21,4
2025-05-14 05:10:27,4
2025-05-14 05:10:32,4
2025-05-14 05:10:37,4
2025-05-14 05:10:42,4
2025-05-14 05:10:48,4
2025-05-14 05:10:53,4
2025-05-14 05:10:58,4
2025-05-14 05:11:03,3
2025-05-14 05:11:08,3
2025-05-14 05:11:14,3
2025-05-14 05:11:19,3
2025-05-14 05:11:24,3
2025-05-14 05:11:29,3
2025-05-14 05:11:35,3
2025-05-14 05:11:40,3
2025-05-14 05:11:45,4
2025-05-14 05:11:50,4
2025-05-14 05:11:55,4
2025-05-14 05:12:01,5
2025-05-14 05:12:06,4
2025-05-14 05:12:11,4
2025-05-14 05:12:16,4
2025-05-14 05:12:22,4
2025-05-14 05:12:27,4
2025-05-14 05:12:32,4
2025-05-14 05:12:37,4
2025-05-14 05:12:42,4
2025-05-14 05:12:48,4
2025-05-14 05:12:53,4
2025-05-14 05:12:58,4
2025-05-14 05:13:03,3
2025-05-14 05:13:09,3
2025-05-14 05:13:14,3
2025-05-14 05:13:19,3
2025-05-14 05:13:25,3
2025-05-14 05:13:30,3
2025-05-14 05:13:35,3
2025-05-14 05:13:40,3
2025-05-14 05:13:46,3
2025-05-14 05:13:51,3
2025-05-14 05:13:56,3
2025-05-14 05:14:01,3
2025-05-14 05:14:07,3
2025-05-14 05:14:12,3
2025-05-14 05:14:17,3
2025-05-14 05:14:22,3
2025-05-14 05:14:28,3
2025-05-14 05:14:33,3
2025-05-14 05:14:38,5
2025-05-14 05:14:43,5
2025-05-14 05:14:49,5
2025-05-14 05:14:54,7
2025-05-14 05:14:59,7
2025-05-14 05:15:04,7
2025-05-14 05:15:09,7
2025-05-14 05:15:15,7
2025-05-14 05:15:20,7
2025-05-14 05:15:25,7
2025-05-14 05:15:30,7
2025-05-14 05:15:36,7
2025-05-14 05:15:41,7
2025-05-14 05:15:46,7
2025-05-14 05:15:51,7
2025-05-14 05:15:56,7
2025-05-14 05:16:02,7
2025-05-14 05:16:07,7
2025-05-14 05:16:12,7
2025-05-14 05:16:17,7
2025-05-14 05:16:22,7
2025-05-14 05:16:27,7
2025-05-14 05:16:33,7
2025-05-14 05:16:38,7
2025-05-14 05:16:43,7
2025-05-14 05:16:48,6
2025-05-14 05:16:53,6
2025-05-14 05:16:59,6
2025-05-14 05:17:04,6
2025-05-14 05:17:09,6
2025-05-14 05:17:14,6
2025-05-14 05:17:19,6
2025-05-14 05:17:24,6
2025-05-14 05:17:30,6
2025-05-14 05:17:35,6
2025-05-14 05:17:40,6
2025-05-14 05:17:45,6
2025-05-14 05:17:50,6
2025-05-14 05:17:55,6
2025-05-14 05:18:01,6
2025-05-14 05:18:06,6
2025-05-14 05:18:11,6
2025-05-14 05:18:16,6
2025-05-14 05:18:21,6
2025-05-14 05:18:26,5
2025-05-14 05:18:32,5
2025-05-14 05:18:37,8
2025-05-14 05:18:42,8
2025-05-14 05:18:47,8
2025-05-14 05:18:52,8
2025-05-14 05:18:57,8
2025-05-14 05:19:03,8
2025-05-14 05:19:08,8
2025-05-14 05:19:13,7
2025-05-14 05:19:18,8
2025-05-14 05:19:23,8
2025-05-14 05:19:29,8
2025-05-14 05:19:34,7
2025-05-14 05:19:39,7
2025-05-14 05:19:44,7
2025-05-14 05:19:49,7
2025-05-14 05:19:54,7
2025-05-14 05:20:00,7
2025-05-14 05:20:05,7
2025-05-14 05:20:10,7
2025-05-14 05:20:15,7
2025-05-14 05:20:20,7
2025-05-14 05:20:25,7
2025-05-14 05:20:31,7
2025-05-14 05:20:36,7
2025-05-14 05:20:41,7
2025-05-14 05:20:46,7
2025-05-14 05:20:51,7
2025-05-14 05:20:56,7
2025-05-14 05:21:02,7
2025-05-14 05:21:07,7
2025-05-14 05:21:12,7
2025-05-14 05:21:17,7
2025-05-14 05:21:22,7
2025-05-14 05:21:27,7
2025-05-14 05:21:33,7
2025-05-14 05:21:38,7
2025-05-14 05:21:43,7
2025-05-14 05:21:48,7
2025-05-14 05:21:53,6
2025-05-14 05:21:58,5
2025-05-14 05:22:04,5
2025-05-14 05:22:09,5
2025-05-14 05:22:14,5
2025-05-14 05:22:19,5
2025-05-14 05:22:24,5
2025-05-14 05:22:30,5
2025-05-14 05:22:35,4
2025-05-14 05:22:40,4
2025-05-14 05:22:45,4
2025-05-14 05:22:50,4
2025-05-14 05:22:55,4
2025-05-14 05:23:01,4
2025-05-14 05:23:06,4
2025-05-14 05:23:11,4
2025-05-14 05:23:16,4
2025-05-14 05:23:21,4
2025-05-14 05:23:26,4
2025-05-14 05:23:31,4
2025-05-14 05:23:37,4
2025-05-14 05:23:42,4
2025-05-14 05:23:47,3
2025-05-14 05:23:52,3
2025-05-14 05:23:57,3
2025-05-14 05:24:02,3
2025-05-14 05:24:08,3
2025-05-14 05:24:13,3
2025-05-14 05:24:18,3
2025-05-14 05:24:23,3
2025-05-14 05:24:28,3
2025-05-14 05:24:33,3
2025-05-14 05:24:38,2
2025-05-14 05:24:44,2
2025-05-14 05:24:49,2
2025-05-14 05:24:54,2
2025-05-14 05:24:59,2
2025-05-14 05:25:04,2
2025-05-14 05:25:09,2
2025-05-14 05:25:15,2
2025-05-14 05:25:20,2
2025-05-14 05:25:25,2
2025-05-14 05:25:30,2
2025-05-14 05:25:35,2
2025-05-14 05:25:40,2
2025-05-14 05:25:46,2
2025-05-14 05:25:51,2
2025-05-14 05:25:56,2
2025-05-14 05:26:01,2
2025-05-14 05:26:06,2
2025-05-14 05:26:11,2
2025-05-14 05:26:17,2
2025-05-14 05:26:22,2
2025-05-14 05:26:27,3
2025-05-14 05:26:32,3
2025-05-14 05:26:37,3
2025-05-14 05:26:42,3
2025-05-14 05:26:47,3
2025-05-14 05:26:53,3
2025-05-14 05:26:58,3
2025-05-14 05:27:03,3
2025-05-14 05:27:08,3
2025-05-14 05:27:13,3
2025-05-14 05:27:18,3
2025-05-14 05:27:24,3
2025-05-14 05:27:29,3
2025-05-14 05:27:34,3
2025-05-14 05:27:39,3
2025-05-14 05:27:44,3
2025-05-14 05:27:49,3
2025-05-14 05:27:55,3
2025-05-14 05:28:00,3
2025-05-14 05:28:05,3
2025-05-14 05:28:10,3
2025-05-14 05:28:15,3
2025-05-14 05:28:20,3
2025-05-14 05:28:26,3
2025-05-14 05:28:31,3
2025-05-14 05:28:36,3
2025-05-14 05:28:41,3
2025-05-14 05:28:46,3
2025-05-14 05:28:51,3
2025-05-14 05:28:56,3
2025-05-14 05:29:02,3
2025-05-14 05:29:07,3
2025-05-14 05:29:12,3
2025-05-14 05:29:17,3
2025-05-14 05:29:22,3
2025-05-14 05:29:27,3
2025-05-14 05:29:33,3
2025-05-14 05:29:38,3
2025-05-14 05:29:43,3
2025-05-14 05:29:48,3
2025-05-14 05:29:53,3
2025-05-14 05:29:58,3
2025-05-14 05:30:04,3
2025-05-14 05:30:09,3
2025-05-14 05:30:14,2
2025-05-14 05:30:19,2
2025-05-14 05:30:24,2
2025-05-14 05:30:29,2
2025-05-14 05:30:35,2
2025-05-14 05:30:40,2
2025-05-14 05:30:45,2
2025-05-14 05:30:50,2
2025-05-14 05:30:55,2
2025-05-14 05:31:00,2
2025-05-14 05:31:05,2
2025-05-14 05:31:11,2
2025-05-14 05:31:16,2
2025-05-14 05:31:21,2
2025-05-14 05:31:26,3
2025-05-14 05:31:31,3
2025-05-14 05:31:36,3
2025-05-14 05:31:42,6
2025-05-14 05:31:47,6
2025-05-14 05:31:52,6
2025-05-14 05:31:57,6
2025-05-14 05:32:02,6
2025-05-14 05:32:07,6
2025-05-14 05:32:13,6
2025-05-14 05:32:18,6
2025-05-14 05:32:23,6
2025-05-14 05:32:28,6
2025-05-14 05:32:33,6
2025-05-14 05:32:38,6
2025-05-14 05:32:43,6
2025-05-14 05:32:48,5
2025-05-14 05:32:54,5
2025-05-14 05:32:59,5
2025-05-14 05:33:04,5
2025-05-14 05:33:09,5
2025-05-14 05:33:14,5
2025-05-14 05:33:19,5
2025-05-14 05:33:24,5
2025-05-14 05:33:30,5
2025-05-14 05:33:35,5
2025-05-14 05:33:40,4
2025-05-14 05:33:45,4
2025-05-14 05:33:50,4
2025-05-14 05:33:55,4
2025-05-14 05:34:00,4
2025-05-14 05:34:06,4
2025-05-14 05:34:11,4
2025-05-14 05:34:16,4
2025-05-14 05:34:21,4
2025-05-14 05:34:26,4
2025-05-14 05:34:31,4
2025-05-14 05:34:37,4
2025-05-14 05:34:42,4
2025-05-14 05:34:47,3
2025-05-14 05:34:52,3
2025-05-14 05:34:57,2
2025-05-14 05:35:02,2
2025-05-14 05:35:07,1
2025-05-14 05:35:13,0
2025-05-14 05:35:18,0
2025-05-14 05:35:23,0
2025-05-14 05:35:28,0
2025-05-14 05:35:33,0
2025-05-14 05:35:38,0
2025-05-14 05:35:44,0
2025-05-14 05:35:49,0
2025-05-14 05:35:54,1
2025-05-14 05:35:59,1
2025-05-14 05:36:04,1
2025-05-14 05:36:09,1
2025-05-14 05:36:14,1
2025-05-14 05:36:20,1
2025-05-14 05:36:25,0
2025-05-14 05:36:30,0
2025-05-14 05:36:35,0
2025-05-14 05:36:40,0
2025-05-14 05:36:45,2
2025-05-14 05:36:51,3
2025-05-14 05:36:56,3
2025-05-14 05:37:01,3
2025-05-14 05:37:06,3
2025-05-14 05:37:11,3
2025-05-14 05:37:16,2
2025-05-14 05:37:22,1
2025-05-14 05:37:27,1
2025-05-14 05:37:32,1
2025-05-14 05:37:37,1
2025-05-14 05:37:42,1
2025-05-14 05:37:48,1
2025-05-14 05:37:53,1
2025-05-14 05:37:58,1
2025-05-14 05:38:03,1
2025-05-14 05:38:08,2
2025-05-14 05:38:13,2
2025-05-14 05:38:19,3
2025-05-14 05:38:24,3
2025-05-14 05:38:29,3
2025-05-14 05:38:34,3
2025-05-14 05:38:39,3
2025-05-14 05:38:44,3
2025-05-14 05:38:50,3
2025-05-14 05:38:55,3
2025-05-14 05:39:00,3
2025-05-14 05:39:05,3
2025-05-14 05:39:10,3
2025-05-14 05:39:16,3
2025-05-14 05:39:21,3
2025-05-14 05:39:26,2
2025-05-14 05:39:31,2
2025-05-14 05:39:36,2
2025-05-14 05:39:42,2
2025-05-14 05:39:47,2
2025-05-14 05:39:52,2
2025-05-14 05:39:57,2
2025-05-14 05:40:02,2
2025-05-14 05:40:07,2
2025-05-14 05:40:13,2
2025-05-14 05:40:18,2
2025-05-14 05:40:23,2
2025-05-14 05:40:28,2
2025-05-14 05:40:33,2
2025-05-14 05:40:38,2
2025-05-14 05:40:44,2
2025-05-14 05:40:49,2
2025-05-14 05:40:54,2
2025-05-14 05:40:59,2
2025-05-14 05:41:04,2
2025-05-14 05:41:09,3
2025-05-14 05:41:14,3
2025-05-14 05:41:20,3
2025-05-14 05:41:25,2
2025-05-14 05:41:30,2
2025-05-14 05:41:35,2
2025-05-14 05:41:40,1
2025-05-14 05:41:46,0
2025-05-14 05:41:51,0
2025-05-14 05:41:56,0
2025-05-14 05:42:01,0
2025-05-14 05:42:06,0
2025-05-14 05:42:12,0
2025-05-14 05:42:17,0
2025-05-14 05:42:22,0
2025-05-14 05:42:27,1
2025-05-14 05:42:32,1
2025-05-14 05:42:37,2
2025-05-14 05:42:43,2
2025-05-14 05:42:48,2
2025-05-14 05:42:53,2
2025-05-14 05:42:58,2
2025-05-14 05:43:03,2
2025-05-14 05:43:08,2
2025-05-14 05:43:14,2
2025-05-14 05:43:19,2
2025-05-14 05:43:24,2
2025-05-14 05:43:29,2
2025-05-14 05:43:34,1
2025-05-14 05:43:40,1
2025-05-14 05:43:45,1
2025-05-14 05:43:50,2
2025-05-14 05:43:55,2
2025-05-14 05:44:00,2
2025-05-14 05:44:05,2
2025-05-14 05:44:11,2
2025-05-14 05:44:16,2
2025-05-14 05:44:21,2
2025-05-14 05:44:26,2
2025-05-14 05:44:31,2
2025-05-14 05:44:36,2
2025-05-14 05:44:42,2
2025-05-14 05:44:47,2
2025-05-14 05:44:52,2
2025-05-14 05:44:57,2
2025-05-14 05:45:02,2
2025-05-14 05:45:07,2
2025-05-14 05:45:13,2
2025-05-14 05:45:18,2
2025-05-14 05:45:23,2
2025-05-14 05:45:28,2
2025-05-14 05:45:33,2
2025-05-14 05:45:38,2
2025-05-14 05:45:44,2
2025-05-14 05:45:49,2
2025-05-14 05:45:54,2
2025-05-14 05:45:59,2
2025-05-14 05:46:04,2
2025-05-14 05:46:09,2
2025-05-14 05:46:15,2
2025-05-14 05:46:20,2
2025-05-14 05:46:25,2
2025-05-14 05:46:30,2
2025-05-14 05:46:35,2
2025-05-14 05:46:40,2
2025-05-14 05:46:46,2
2025-05-14 05:46:51,2
2025-05-14 05:46:56,2
2025-05-14 05:47:01,2
2025-05-14 05:47:06,2
2025-05-14 05:47:11,2
2025-05-14 05:47:17,2
2025-05-14 05:47:22,2
2025-05-14 05:47:27,2
2025-05-14 05:47:32,4
2025-05-14 05:47:37,4
2025-05-14 05:47:42,4
2025-05-14 05:47:48,4
2025-05-14 05:47:53,4
2025-05-14 05:47:58,4
2025-05-14 05:48:03,4
2025-05-14 05:48:08,4
2025-05-14 05:48:14,3
2025-05-14 05:48:19,3
2025-05-14 05:48:24,3
2025-05-14 05:48:29,3
2025-05-14 05:48:34,3
2025-05-14 05:48:39,4
2025-05-14 05:48:45,4
2025-05-14 05:48:50,4
2025-05-14 05:48:55,4
2025-05-14 05:49:00,4
2025-05-14 05:49:05,4
2025-05-14 05:49:10,4
2025-05-14 05:49:16,4
2025-05-14 05:49:21,4
2025-05-14 05:49:26,4
2025-05-14 05:49:31,4
2025-05-14 05:49:36,4
2025-05-14 05:49:41,4
2025-05-14 05:49:46,4
2025-05-14 05:49:51,4
2025-05-14 05:49:57,4
2025-05-14 05:50:02,4
2025-05-14 05:50:07,4
2025-05-14 05:50:12,4
2025-05-14 05:50:17,4
2025-05-14 05:50:22,4
2025-05-14 05:50:27,4
2025-05-14 05:50:33,4
2025-05-14 05:50:38,4
2025-05-14 05:50:43,4
2025-05-14 05:50:48,4
2025-05-14 05:50:53,4
2025-05-14 05:50:58,4
2025-05-14 05:51:04,4
2025-05-14 05:51:09,4
2025-05-14 05:51:14,4
2025-05-14 05:51:19,4
2025-05-14 05:51:24,4
2025-05-14 05:51:29,4
2025-05-14 05:51:34,4
2025-05-14 05:51:40,4
2025-05-14 05:51:45,4
2025-05-14 05:51:50,8
2025-05-14 05:51:55,8
2025-05-14 05:52:00,8
2025-05-14 05:52:06,8
2025-05-14 05:52:11,8
2025-05-14 05:52:16,8
2025-05-14 05:52:21,8
2025-05-14 05:52:26,8
2025-05-14 05:52:31,7
2025-05-14 05:52:36,7
2025-05-14 05:52:42,7
2025-05-14 05:52:47,7
2025-05-14 05:52:52,7
2025-05-14 05:52:57,7
2025-05-14 05:53:02,7
2025-05-14 05:53:07,7
2025-05-14 05:53:12,7
2025-05-14 05:53:17,7
2025-05-14 05:53:23,7
2025-05-14 05:53:28,7
2025-05-14 05:53:33,7
2025-05-14 05:53:38,7
2025-05-14 05:53:43,7
2025-05-14 05:53:48,7
2025-05-14 05:53:53,7
2025-05-14 05:53:58,7
2025-05-14 05:54:04,7
2025-05-14 05:54:09,7
2025-05-14 05:54:14,5
2025-05-14 05:54:19,5
2025-05-14 05:54:24,4
2025-05-14 05:54:29,3
2025-05-14 05:54:35,2
2025-05-14 05:54:40,1
2025-05-14 05:54:45,1
2025-05-14 05:54:50,1
2025-05-14 05:54:55,1
2025-05-14 05:55:01,1
2025-05-14 05:55:06,1
2025-05-14 05:55:11,0
2025-05-14 05:55:16,0
2025-05-14 05:55:21,0
2025-05-14 05:55:27,2
2025-05-14 05:55:32,2
2025-05-14 05:55:37,2
2025-05-14 05:55:42,2
2025-05-14 05:55:47,2
2025-05-14 05:55:52,2
2025-05-14 05:55:58,2
2025-05-14 05:56:03,2
2025-05-14 05:56:08,2
2025-05-14 05:56:13,2
2025-05-14 05:56:18,2
2025-05-14 05:56:23,2
2025-05-14 05:56:29,2
2025-05-14 05:56:34,2
2025-05-14 05:56:39,1
2025-05-14 05:56:44,1
2025-05-14 05:56:49,1
2025-05-14 05:56:54,0
2025-05-14 05:57:00,0
2025-05-14 05:57:05,0
2025-05-14 05:57:10,0
2025-05-14 05:57:15,0
2025-05-14 05:57:20,0
2025-05-14 05:57:25,0
2025-05-14 05:57:31,0
2025-05-14 05:57:36,0
2025-05-14 05:57:41,0
2025-05-14 05:57:46,0
2025-05-14 05:57:51,0
2025-05-14 05:57:57,0
2025-05-14 05:58:02,0
2025-05-14 05:58:07,0
2025-05-14 05:58:12,0
2025-05-14 05:58:17,0
2025-05-14 05:58:22,0
2025-05-14 05:58:28,0
2025-05-14 05:58:33,0
2025-05-14 05:58:38,0
2025-05-14 05:58:43,0
2025-05-14 05:58:48,0
2025-05-14 05:58:53,0
2025-05-14 05:58:59,0
2025-05-14 05:59:04,0
2025-05-14 05:59:09,0
2025-05-14 05:59:14,0
2025-05-14 05:59:19,0
2025-05-14 05:59:25,0
2025-05-14 05:59:30,0
2025-05-14 05:59:35,0
2025-05-14 05:59:40,0
2025-05-14 05:59:45,0
2025-05-14 05:59:50,0
2025-05-14 05:59:56,0
2025-05-14 06:00:01,3
2025-05-14 06:00:06,4
2025-05-14 06:00:11,4
2025-05-14 06:00:16,4
2025-05-14 06:00:21,6
2025-05-14 06:00:27,6
2025-05-14 06:00:32,6
2025-05-14 06:00:37,6
2025-05-14 06:00:42,6
2025-05-14 06:00:47,6
2025-05-14 06:00:52,6
2025-05-14 06:00:57,6
2025-05-14 06:01:03,6
2025-05-14 06:01:08,6
2025-05-14 06:01:13,6
2025-05-14 06:01:18,6
2025-05-14 06:01:23,6
2025-05-14 06:01:28,6
2025-05-14 06:01:33,6
2025-05-14 06:01:39,6
2025-05-14 06:01:44,6
2025-05-14 06:01:49,6
2025-05-14 06:01:54,6
2025-05-14 06:01:59,6
2025-05-14 06:02:04,6
2025-05-14 06:02:09,6
2025-05-14 06:02:15,6
2025-05-14 06:02:20,6
2025-05-14 06:02:25,6
2025-05-14 06:02:30,6
2025-05-14 06:02:35,6
2025-05-14 06:02:40,6
2025-05-14 06:02:45,6
2025-05-14 06:02:50,6
2025-05-14 06:02:56,6
2025-05-14 06:03:01,6
2025-05-14 06:03:06,6
2025-05-14 06:03:11,6
2025-05-14 06:03:16,6
2025-05-14 06:03:21,6
2025-05-14 06:03:27,6
2025-05-14 06:03:32,6
2025-05-14 06:03:37,6
2025-05-14 06:03:42,6
2025-05-14 06:03:47,6
2025-05-14 06:03:52,5
2025-05-14 06:03:57,5
2025-05-14 06:04:03,2
2025-05-14 06:04:08,2
2025-05-14 06:04:13,0
2025-05-14 06:04:18,1
2025-05-14 06:04:23,1
2025-05-14 06:04:29,1
2025-05-14 06:04:34,2
2025-05-14 06:04:39,2
2025-05-14 06:04:44,2
2025-05-14 06:04:49,2
2025-05-14 06:04:55,2
2025-05-14 06:05:00,2
2025-05-14 06:05:05,0
2025-05-14 06:05:10,0
2025-05-14 06:05:15,0
2025-05-14 06:05:20,0
2025-05-14 06:05:26,0
2025-05-14 06:05:31,0
2025-05-14 06:05:36,0
2025-05-14 06:05:41,0
2025-05-14 06:05:46,0
2025-05-14 06:05:51,0
2025-05-14 06:05:57,0
2025-05-14 06:06:02,0
2025-05-14 06:06:07,0
2025-05-14 06:06:12,0
2025-05-14 06:06:17,0
2025-05-14 06:06:22,0
2025-05-14 06:06:28,0
2025-05-14 06:06:33,0
2025-05-14 06:06:38,0
2025-05-14 06:06:43,0
2025-05-14 06:06:48,0
2025-05-14 06:06:54,0
2025-05-14 06:06:59,0
2025-05-14 06:07:04,0
2025-05-14 06:07:09,0
2025-05-14 06:07:14,0
2025-05-14 06:07:19,0
2025-05-14 06:07:25,0
2025-05-14 06:07:30,0
2025-05-14 06:07:35,0
2025-05-14 06:07:40,0
2025-05-14 06:07:45,0
2025-05-14 06:07:50,0
2025-05-14 06:07:56,0
2025-05-14 06:08:01,0
2025-05-14 06:08:06,0
2025-05-14 06:08:11,0
2025-05-14 06:08:16,0
2025-05-14 06:08:22,0
2025-05-14 06:08:27,0
2025-05-14 06:08:32,0
2025-05-14 06:08:37,0
2025-05-14 06:08:42,0
2025-05-14 06:08:47,0
2025-05-14 06:08:53,0
2025-05-14 06:08:58,0
2025-05-14 06:09:03,0
2025-05-14 06:09:08,0
2025-05-14 06:09:13,0
2025-05-14 06:09:18,0
2025-05-14 06:09:24,0
2025-05-14 06:09:29,0
2025-05-14 06:09:34,0
2025-05-14 06:09:39,0
2025-05-14 06:09:44,0
2025-05-14 06:09:49,0
2025-05-14 06:09:55,0
2025-05-14 06:10:00,0
2025-05-14 06:10:05,0
2025-05-14 06:10:10,0
2025-05-14 06:10:15,0
2025-05-14 06:10:20,0
2025-05-14 06:10:26,0
2025-05-14 06:10:31,0
2025-05-14 06:10:36,0
2025-05-14 06:10:41,0
2025-05-14 06:10:46,0
2025-05-14 06:10:51,0
2025-05-14 06:10:57,0
2025-05-14 06:11:02,0
2025-05-14 06:11:07,0
2025-05-14 06:11:12,0
2025-05-14 06:11:17,0
2025-05-14 06:11:22,0
2025-05-14 06:11:28,0
2025-05-14 06:11:33,0
2025-05-14 06:11:38,0
2025-05-14 06:11:43,0
2025-05-14 06:11:48,0
2025-05-14 06:11:53,0
2025-05-14 06:11:59,0
2025-05-14 06:12:04,0
2025-05-14 06:12:09,0
2025-05-14 06:12:14,0
2025-05-14 06:12:19,0
2025-05-14 06:12:24,0
2025-05-14 06:12:30,0
2025-05-14 06:12:35,0
2025-05-14 06:12:40,0
2025-05-14 06:12:45,0
2025-05-14 06:12:50,0
2025-05-14 06:12:55,0
2025-05-14 06:13:01,0
2025-05-14 06:13:06,0
2025-05-14 06:13:11,0
2025-05-14 06:13:16,0
2025-05-14 06:13:21,0
2025-05-14 06:13:26,0
2025-05-14 06:13:32,0
2025-05-14 06:13:37,0
2025-05-14 06:13:42,0
2025-05-14 06:13:47,0
2025-05-14 06:13:52,0
2025-05-14 06:13:57,0
2025-05-14 06:14:03,0
2025-05-14 06:14:08,0
2025-05-14 06:14:13,0
2025-05-14 06:14:18,2
2025-05-14 06:14:23,2
2025-05-14 06:14:28,2
2025-05-14 06:14:34,5
2025-05-14 06:14:39,5
2025-05-14 06:14:44,5
2025-05-14 06:14:49,5
2025-05-14 06:14:54,5
2025-05-14 06:14:59,5
2025-05-14 06:15:04,5
2025-05-14 06:15:10,7
2025-05-14 06:15:15,7
2025-05-14 06:15:20,7
2025-05-14 06:15:25,7
2025-05-14 06:15:30,7
2025-05-14 06:15:35,7
2025-05-14 06:15:40,7
2025-05-14 06:15:46,7
2025-05-14 06:15:51,7
2025-05-14 06:15:56,7
2025-05-14 06:16:01,7
2025-05-14 06:16:06,7
2025-05-14 06:16:11,7
2025-05-14 06:16:16,7
2025-05-14 06:16:22,7
2025-05-14 06:16:27,7
2025-05-14 06:16:32,7
2025-05-14 06:16:37,7
2025-05-14 06:16:42,7
2025-05-14 06:16:47,7
2025-05-14 06:16:52,7
2025-05-14 06:16:57,7
2025-05-14 06:17:03,7
2025-05-14 06:17:08,7
2025-05-14 06:17:13,7
2025-05-14 06:17:18,7
2025-05-14 06:17:23,7
2025-05-14 06:17:28,7
2025-05-14 06:17:33,7
2025-05-14 06:17:38,7
2025-05-14 06:17:44,5
2025-05-14 06:17:49,5
2025-05-14 06:17:54,5
2025-05-14 06:17:59,4
2025-05-14 06:18:04,4
2025-05-14 06:18:09,2
2025-05-14 06:18:15,2
2025-05-14 06:18:20,1
2025-05-14 06:18:25,0
2025-05-14 06:18:30,0
2025-05-14 06:18:35,0
2025-05-14 06:18:41,0
2025-05-14 06:18:46,0
2025-05-14 06:18:51,0
2025-05-14 06:18:56,0
2025-05-14 06:19:01,0
2025-05-14 06:19:06,0
2025-05-14 06:19:12,0
2025-05-14 06:19:17,0
2025-05-14 06:19:22,0
2025-05-14 06:19:27,0
2025-05-14 06:19:32,0
2025-05-14 06:19:37,0
2025-05-14 06:19:43,0
2025-05-14 06:19:48,0
2025-05-14 06:19:53,0
2025-05-14 06:19:58,0
2025-05-14 06:20:03,0
2025-05-14 06:20:09,0
2025-05-14 06:20:14,0
2025-05-14 06:20:19,0
2025-05-14 06:20:24,0
2025-05-14 06:20:29,0
2025-05-14 06:20:34,0
2025-05-14 06:20:40,0
2025-05-14 06:20:45,0
2025-05-14 06:20:50,0
2025-05-14 06:20:55,0
2025-05-14 06:21:00,0
2025-05-14 06:21:05,0
2025-05-14 06:21:11,0
2025-05-14 06:21:16,0
2025-05-14 06:21:21,0
2025-05-14 06:21:26,0
2025-05-14 06:21:31,0
2025-05-14 06:21:36,0
2025-05-14 06:21:42,0
2025-05-14 06:21:47,0
2025-05-14 06:21:52,0
2025-05-14 06:21:57,0
2025-05-14 06:22:02,0
2025-05-14 06:22:07,0
2025-05-14 06:22:13,0
2025-05-14 06:22:18,0
2025-05-14 06:22:23,0
2025-05-14 06:22:28,0
2025-05-14 06:22:33,0
2025-05-14 06:22:39,0
2025-05-14 06:22:44,0
2025-05-14 06:22:49,0
2025-05-14 06:22:54,0
2025-05-14 06:22:59,0
2025-05-14 06:23:04,0
2025-05-14 06:23:10,0
2025-05-14 06:23:15,0
2025-05-14 06:23:20,0
2025-05-14 06:23:25,0
2025-05-14 06:23:30,0
2025-05-14 06:23:35,0
2025-05-14 06:23:41,0
2025-05-14 06:23:46,0
2025-05-14 06:23:51,0
2025-05-14 06:23:56,0
2025-05-14 06:24:01,0
2025-05-14 06:24:06,0
2025-05-14 06:24:12,0
2025-05-14 06:24:17,0
2025-05-14 06:24:22,0
2025-05-14 06:24:27,0
2025-05-14 06:24:32,0
2025-05-14 06:24:37,0
2025-05-14 06:24:43,0
2025-05-14 06:24:48,0
2025-05-14 06:24:53,0
2025-05-14 06:24:58,0
2025-05-14 06:25:03,0
2025-05-14 06:25:08,0
2025-05-14 06:25:14,0
2025-05-14 06:25:19,0
2025-05-14 06:25:24,0
2025-05-14 06:25:29,0
2025-05-14 06:25:34,0
2025-05-14 06:25:39,0
2025-05-14 06:25:45,0
2025-05-14 06:25:50,0
2025-05-14 06:25:55,0
2025-05-14 06:26:00,0
2025-05-14 06:26:05,0
2025-05-14 06:26:10,0
2025-05-14 06:26:16,0
2025-05-14 06:26:21,0
2025-05-14 06:26:26,0
2025-05-14 06:26:31,0
2025-05-14 06:26:36,0
2025-05-14 06:26:41,0
2025-05-14 06:26:47,0
2025-05-14 06:26:52,0
2025-05-14 06:26:57,0
2025-05-14 06:27:02,0
2025-05-14 06:27:07,0
2025-05-14 06:27:12,0
2025-05-14 06:27:18,0
2025-05-14 06:27:23,0
2025-05-14 06:27:28,0
2025-05-14 06:27:33,0
2025-05-14 06:27:38,0
2025-05-14 06:27:43,2
2025-05-14 06:27:49,4
2025-05-14 06:27:54,4
2025-05-14 06:27:59,4
2025-05-14 06:28:04,4
2025-05-14 06:28:09,4
2025-05-14 06:28:14,4
2025-05-14 06:28:19,4
2025-05-14 06:28:24,4
2025-05-14 06:28:30,4
2025-05-14 06:28:35,4
2025-05-14 06:28:40,4
2025-05-14 06:28:45,4
2025-05-14 06:28:50,4
2025-05-14 06:28:55,4
2025-05-14 06:29:00,4
2025-05-14 06:29:06,1
2025-05-14 06:29:11,0
2025-05-14 06:29:16,0
2025-05-14 06:29:21,0
2025-05-14 06:29:26,0
2025-05-14 06:29:32,0
2025-05-14 06:29:37,0
2025-05-14 06:29:42,0
2025-05-14 06:29:47,0
2025-05-14 06:29:52,0
2025-05-14 06:29:57,0
2025-05-14 06:30:03,0
2025-05-14 06:30:08,0
2025-05-14 06:30:13,0
2025-05-14 06:30:18,0
2025-05-14 06:30:23,0
2025-05-14 06:30:28,0
2025-05-14 06:30:33,0
2025-05-14 06:30:39,0
2025-05-14 06:30:44,0
2025-05-14 06:30:49,0
2025-05-14 06:30:54,0
2025-05-14 06:30:59,0
2025-05-14 06:31:04,0
2025-05-14 06:31:10,0
2025-05-14 06:31:15,0
2025-05-14 06:31:20,0
2025-05-14 06:31:25,0
2025-05-14 06:31:30,0
2025-05-14 06:31:35,0
2025-05-14 06:31:41,0
2025-05-14 06:31:46,0
2025-05-14 06:31:51,0
2025-05-14 06:31:56,0
2025-05-14 06:32:01,0
2025-05-14 06:32:06,0
2025-05-14 06:32:11,0
2025-05-14 06:32:17,0
2025-05-14 06:32:22,0
2025-05-14 06:32:27,0
2025-05-14 06:32:32,0
2025-05-14 06:32:37,0
2025-05-14 06:32:42,0
2025-05-14 06:32:48,5
2025-05-14 06:32:53,5
2025-05-14 06:32:58,6
2025-05-14 06:33:03,6
2025-05-14 06:33:08,6
2025-05-14 06:33:13,6
2025-05-14 06:33:18,6
2025-05-14 06:33:24,6
2025-05-14 06:33:29,6
2025-05-14 06:33:34,6
2025-05-14 06:33:39,6
2025-05-14 06:33:44,6
2025-05-14 06:33:49,6
2025-05-14 06:33:54,6
2025-05-14 06:33:59,6
2025-05-14 06:34:05,6
2025-05-14 06:34:10,6
2025-05-14 06:34:15,6
2025-05-14 06:34:20,6
2025-05-14 06:34:25,6
2025-05-14 06:34:30,6
2025-05-14 06:34:35,6
2025-05-14 06:34:40,6
2025-05-14 06:34:45,6
2025-05-14 06:34:51,6
2025-05-14 06:34:56,6
2025-05-14 06:35:01,6
2025-05-14 06:35:06,6
2025-05-14 06:35:11,6
2025-05-14 06:35:16,6
2025-05-14 06:35:21,6
2025-05-14 06:35:27,6
2025-05-14 06:35:32,6
2025-05-14 06:35:37,6
2025-05-14 06:35:42,6
2025-05-14 06:35:47,6
2025-05-14 06:35:52,6
2025-05-14 06:35:57,6
2025-05-14 06:36:02,6
2025-05-14 06:36:07,6
2025-05-14 06:36:13,6
2025-05-14 06:36:18,5
2025-05-14 06:36:23,5
2025-05-14 06:36:28,5
2025-05-14 06:36:33,4
2025-05-14 06:36:38,3
2025-05-14 06:36:43,3
2025-05-14 06:36:49,1
2025-05-14 06:36:54,1
2025-05-14 06:36:59,0
2025-05-14 06:37:04,0
2025-05-14 06:37:09,0
2025-05-14 06:37:14,0
2025-05-14 06:37:19,0
2025-05-14 06:37:25,0
2025-05-14 06:37:30,0
2025-05-14 06:37:35,0
2025-05-14 06:37:40,0
2025-05-14 06:37:45,0
2025-05-14 06:37:50,0
2025-05-14 06:37:55,0
2025-05-14 06:38:01,0
2025-05-14 06:38:06,0
2025-05-14 06:38:11,0
2025-05-14 06:38:16,0
2025-05-14 06:38:21,0
2025-05-14 06:38:26,0
2025-05-14 06:38:32,0
2025-05-14 06:38:37,0
2025-05-14 06:38:42,0
2025-05-14 06:38:47,0
2025-05-14 06:38:52,0
2025-05-14 06:38:57,0
2025-05-14 06:39:02,0
2025-05-14 06:39:08,0
2025-05-14 06:39:13,0
2025-05-14 06:39:18,0
2025-05-14 06:39:23,0
2025-05-14 06:39:28,0
2025-05-14 06:39:33,0
2025-05-14 06:39:38,0
2025-05-14 06:39:44,0
2025-05-14 06:39:49,0
2025-05-14 06:39:54,0
2025-05-14 06:39:59,0
2025-05-14 06:40:04,0
2025-05-14 06:40:09,0
2025-05-14 06:40:14,0
2025-05-14 06:40:20,0
2025-05-14 06:40:25,0
2025-05-14 06:40:30,0
2025-05-14 06:40:35,0
2025-05-14 06:40:40,0
2025-05-14 06:40:45,0
2025-05-14 06:40:50,0
2025-05-14 06:40:56,0
2025-05-14 06:41:01,0
2025-05-14 06:41:06,0
2025-05-14 06:41:11,0
2025-05-14 06:41:16,0
2025-05-14 06:41:21,0
2025-05-14 06:41:27,0
2025-05-14 06:41:32,0
2025-05-14 06:41:37,0
2025-05-14 06:41:42,0
2025-05-14 06:41:47,0
2025-05-14 06:41:52,4
2025-05-14 06:41:57,4
2025-05-14 06:42:02,4
2025-05-14 06:42:08,4
2025-05-14 06:42:13,4
2025-05-14 06:42:18,4
2025-05-14 06:42:23,4
2025-05-14 06:42:28,4
2025-05-14 06:42:34,4
2025-05-14 06:42:40,4
2025-05-14 06:42:45,4
2025-05-14 06:42:50,4
2025-05-14 06:42:56,4
2025-05-14 06:43:01,4
2025-05-14 06:43:06,4
2025-05-14 06:43:11,4
2025-05-14 06:43:16,4
2025-05-14 06:43:21,4
2025-05-14 06:43:26,4
2025-05-14 06:43:31,4
2025-05-14 06:43:37,4
2025-05-14 06:43:42,4
2025-05-14 06:43:47,4
2025-05-14 06:43:52,4
2025-05-14 06:43:57,4
2025-05-14 06:44:02,4
2025-05-14 06:44:07,4
2025-05-14 06:44:12,4
2025-05-14 06:44:17,4
2025-05-14 06:44:23,4
2025-05-14 06:44:28,4
2025-05-14 06:44:33,4
2025-05-14 06:44:38,4
2025-05-14 06:44:43,4
2025-05-14 06:44:48,4
2025-05-14 06:44:53,4
2025-05-14 06:44:58,4
2025-05-14 06:45:03,4
2025-05-14 06:45:09,4
2025-05-14 06:45:14,4
2025-05-14 06:45:19,4
2025-05-14 06:45:24,4
2025-05-14 06:45:29,4
2025-05-14 06:45:34,4
2025-05-14 06:45:39,4
2025-05-14 06:45:44,4
2025-05-14 06:45:50,4
2025-05-14 06:45:55,4
2025-05-14 06:46:00,4
2025-05-14 06:46:05,3
2025-05-14 06:46:10,3
2025-05-14 06:46:15,3
2025-05-14 06:46:20,0
2025-05-14 06:46:26,0
2025-05-14 06:46:31,0
2025-05-14 06:46:36,0
2025-05-14 06:46:41,0
2025-05-14 06:46:46,0
2025-05-14 06:46:51,0
2025-05-14 06:46:56,0
2025-05-14 06:47:01,0
2025-05-14 06:47:07,0
2025-05-14 06:47:12,0
2025-05-14 06:47:17,0
2025-05-14 06:47:22,0
2025-05-14 06:47:27,0
2025-05-14 06:47:32,0
2025-05-14 06:47:37,0
2025-05-14 06:47:42,0
2025-05-14 06:47:48,0
2025-05-14 06:47:53,0
2025-05-14 06:47:58,0
2025-05-14 06:48:03,0
2025-05-14 06:48:08,0
2025-05-14 06:48:13,0
2025-05-14 06:48:18,0
2025-05-14 06:48:23,0
2025-05-14 06:48:29,0
2025-05-14 06:48:34,0
2025-05-14 06:48:39,0
2025-05-14 06:48:44,0
2025-05-14 06:48:49,0
2025-05-14 06:48:54,0
2025-05-14 06:48:59,0
2025-05-14 06:49:05,0
2025-05-14 06:49:10,0
2025-05-14 06:49:15,0
2025-05-14 06:49:20,0
2025-05-14 06:49:25,0
2025-05-14 06:49:30,0
2025-05-14 06:49:35,0
2025-05-14 06:49:41,0
2025-05-14 06:49:46,0
2025-05-14 06:49:51,0
2025-05-14 06:49:57,0
2025-05-14 06:50:02,0
2025-05-14 06:50:07,0
2025-05-14 06:50:12,0
2025-05-14 06:50:17,0
2025-05-14 06:50:22,0
2025-05-14 06:50:27,0
2025-05-14 06:50:32,0
2025-05-14 06:50:38,0
2025-05-14 06:50:43,0
2025-05-14 06:50:48,0
2025-05-14 06:50:53,0
2025-05-14 06:50:58,0
2025-05-14 06:51:03,2
2025-05-14 06:51:08,2
2025-05-14 06:51:14,2
2025-05-14 06:51:19,2
2025-05-14 06:51:24,2
2025-05-14 06:51:29,2
2025-05-14 06:51:34,2
2025-05-14 06:51:39,2
2025-05-14 06:51:44,2
2025-05-14 06:51:49,2
2025-05-14 06:51:54,2
2025-05-14 06:52:00,2
2025-05-14 06:52:05,2
2025-05-14 06:52:10,2
2025-05-14 06:52:15,2
2025-05-14 06:52:20,2
2025-05-14 06:52:25,2
2025-05-14 06:52:30,2
2025-05-14 06:52:35,2
2025-05-14 06:52:40,2
2025-05-14 06:52:45,2
2025-05-14 06:52:51,2
2025-05-14 06:52:56,2
2025-05-14 06:53:01,2
2025-05-14 06:53:06,2
2025-05-14 06:53:11,2
2025-05-14 06:53:16,2
2025-05-14 06:53:21,2
2025-05-14 06:53:26,2
2025-05-14 06:53:31,2
2025-05-14 06:53:37,2
2025-05-14 06:53:42,2
2025-05-14 06:53:47,2
2025-05-14 06:53:52,2
2025-05-14 06:53:57,2
2025-05-14 06:54:02,2
2025-05-14 06:54:07,2
2025-05-14 06:54:12,2
2025-05-14 06:54:18,2
2025-05-14 06:54:23,2
2025-05-14 06:54:28,2
2025-05-14 06:54:33,2
2025-05-14 06:54:38,2
2025-05-14 06:54:43,2
2025-05-14 06:54:48,2
2025-05-14 06:54:53,2
2025-05-14 06:54:58,2
2025-05-14 06:55:04,2
2025-05-14 06:55:09,2
2025-05-14 06:55:14,2
2025-05-14 06:55:19,2
2025-05-14 06:55:24,2
2025-05-14 06:55:29,1
2025-05-14 06:55:34,1
2025-05-14 06:55:39,1
2025-05-14 06:55:45,0
2025-05-14 06:55:50,0
2025-05-14 06:55:55,0
2025-05-14 06:56:00,0
2025-05-14 06:56:05,0
2025-05-14 06:56:10,0
2025-05-14 06:56:15,0
2025-05-14 06:56:21,0
2025-05-14 06:56:26,0
2025-05-14 06:56:31,0
2025-05-14 06:56:36,0
2025-05-14 06:56:41,0
2025-05-14 06:56:46,0
2025-05-14 06:56:51,0
2025-05-14 06:56:56,0
2025-05-14 06:57:02,0
2025-05-14 06:57:07,0
2025-05-14 06:57:12,0
2025-05-14 06:57:17,0
2025-05-14 06:57:22,0
2025-05-14 06:57:27,0
2025-05-14 06:57:32,0
2025-05-14 06:57:37,0
2025-05-14 06:57:43,0
2025-05-14 06:57:48,0
2025-05-14 06:57:53,0
2025-05-14 06:57:58,0
2025-05-14 06:58:03,0
2025-05-14 06:58:08,0
2025-05-14 06:58:13,0
2025-05-14 06:58:18,0
2025-05-14 06:58:24,0
2025-05-14 06:58:29,0
2025-05-14 06:58:34,0
2025-05-14 06:58:39,0
2025-05-14 06:58:44,0
2025-05-14 06:58:49,0
2025-05-14 06:58:54,0
2025-05-14 06:58:59,0
2025-05-14 06:59:05,0
2025-05-14 06:59:10,0
2025-05-14 06:59:15,0
2025-05-14 06:59:20,0
2025-05-14 06:59:25,0
2025-05-14 06:59:30,0
2025-05-14 06:59:36,0
2025-05-14 06:59:41,0
2025-05-14 06:59:46,0
2025-05-14 06:59:51,0
2025-05-14 06:59:56,0
2025-05-14 07:00:01,0
2025-05-14 07:00:06,0
2025-05-14 07:00:12,0
2025-05-14 07:00:17,2
2025-05-14 07:00:22,2
2025-05-14 07:00:27,2
2025-05-14 07:00:32,2
2025-05-14 07:00:37,2
2025-05-14 07:00:42,2
2025-05-14 07:00:48,2
2025-05-14 07:00:53,2
2025-05-14 07:00:58,2
2025-05-14 07:01:03,2
2025-05-14 07:01:08,2
2025-05-14 07:01:13,2
2025-05-14 07:01:18,2
2025-05-14 07:01:23,2
2025-05-14 07:01:28,2
2025-05-14 07:01:34,2
2025-05-14 07:01:39,2
2025-05-14 07:01:44,2
2025-05-14 07:01:49,2
2025-05-14 07:01:54,2
2025-05-14 07:02:00,2
2025-05-14 07:02:05,2
2025-05-14 07:02:10,2
2025-05-14 07:02:15,2
2025-05-14 07:02:20,2
2025-05-14 07:02:25,2
2025-05-14 07:02:30,2
2025-05-14 07:02:35,2
2025-05-14 07:02:41,2
2025-05-14 07:02:46,2
2025-05-14 07:02:51,2
2025-05-14 07:02:56,2
2025-05-14 07:03:01,2
2025-05-14 07:03:06,2
2025-05-14 07:03:11,2
2025-05-14 07:03:16,2
2025-05-14 07:03:22,2
2025-05-14 07:03:27,2
2025-05-14 07:03:32,2
2025-05-14 07:03:37,2
2025-05-14 07:03:42,2
2025-05-14 07:03:47,2
2025-05-14 07:03:52,2
2025-05-14 07:03:58,2
2025-05-14 07:04:03,2
2025-05-14 07:04:08,2
2025-05-14 07:04:13,2
2025-05-14 07:04:18,2
2025-05-14 07:04:23,2
2025-05-14 07:04:28,2
2025-05-14 07:04:33,2
2025-05-14 07:04:39,1
2025-05-14 07:04:44,1
2025-05-14 07:04:49,0
2025-05-14 07:04:54,0
2025-05-14 07:04:59,0
2025-05-14 07:05:04,0
2025-05-14 07:05:09,0
2025-05-14 07:05:15,0
2025-05-14 07:05:20,0
2025-05-14 07:05:25,0
2025-05-14 07:05:30,0
2025-05-14 07:05:35,0
2025-05-14 07:05:40,0
2025-05-14 07:05:45,0
2025-05-14 07:05:51,0
2025-05-14 07:05:56,0
2025-05-14 07:06:01,0
2025-05-14 07:06:06,0
2025-05-14 07:06:11,0
2025-05-14 07:06:16,0
2025-05-14 07:06:22,0
2025-05-14 07:06:27,0
2025-05-14 07:06:32,0
2025-05-14 07:06:37,0
2025-05-14 07:06:42,0
2025-05-14 07:06:47,0
2025-05-14 07:06:52,0
2025-05-14 07:06:58,0
2025-05-14 07:07:03,0
2025-05-14 07:07:08,0
2025-05-14 07:07:13,0
2025-05-14 07:07:18,0
2025-05-14 07:07:23,0
2025-05-14 07:07:28,0
2025-05-14 07:07:34,0
2025-05-14 07:07:39,0
2025-05-14 07:07:44,0
2025-05-14 07:07:49,0
2025-05-14 07:07:54,0
2025-05-14 07:08:00,0
2025-05-14 07:08:05,0
2025-05-14 07:08:10,0
2025-05-14 07:08:15,0
2025-05-14 07:08:20,0
2025-05-14 07:08:25,0
2025-05-14 07:08:30,0
2025-05-14 07:08:36,0
2025-05-14 07:08:41,0
2025-05-14 07:08:46,0
2025-05-14 07:08:51,0
2025-05-14 07:08:56,0
2025-05-14 07:09:01,0
2025-05-14 07:09:06,0
2025-05-14 07:09:12,0
2025-05-14 07:09:17,0
2025-05-14 07:09:22,0
2025-05-14 07:09:27,0
2025-05-14 07:09:32,1
2025-05-14 07:09:37,1
2025-05-14 07:09:42,1
2025-05-14 07:09:48,1
2025-05-14 07:09:53,1
2025-05-14 07:09:58,1
2025-05-14 07:10:03,1
2025-05-14 07:10:08,1
2025-05-14 07:10:13,1
2025-05-14 07:10:18,1
2025-05-14 07:10:24,0
2025-05-14 07:10:29,0
2025-05-14 07:10:34,0
2025-05-14 07:10:39,0
2025-05-14 07:10:44,0
2025-05-14 07:10:49,0
2025-05-14 07:10:54,0
2025-05-14 07:11:00,0
2025-05-14 07:11:05,0
2025-05-14 07:11:10,0
2025-05-14 07:11:15,0
2025-05-14 07:11:20,0
2025-05-14 07:11:25,0
2025-05-14 07:11:31,0
2025-05-14 07:11:36,0
2025-05-14 07:11:41,0
2025-05-14 07:11:46,0
2025-05-14 07:11:51,0
2025-05-14 07:11:56,0
2025-05-14 07:12:02,0
2025-05-14 07:12:07,0
2025-05-14 07:12:12,0
2025-05-14 07:12:17,0
2025-05-14 07:12:22,0
2025-05-14 07:12:27,0
2025-05-14 07:12:32,0
2025-05-14 07:12:38,0
2025-05-14 07:12:43,0
2025-05-14 07:12:48,0
2025-05-14 07:12:53,0
2025-05-14 07:12:58,0
2025-05-14 07:13:03,0
2025-05-14 07:13:08,0
