timestamp,node_count,added,removed
2025-05-08 23:59:53,7,master//node-1//node-2//node-3//node-4//node-5//node-6,
2025-05-08 23:59:58,7,,
2025-05-09 00:00:03,7,,
2025-05-09 00:00:09,7,,
2025-05-09 00:00:14,7,,
2025-05-09 00:00:19,7,,
2025-05-09 00:00:24,7,,
2025-05-09 00:00:29,7,,
2025-05-09 00:00:34,7,,
2025-05-09 00:00:40,7,,
2025-05-09 00:00:45,7,,
2025-05-09 00:00:50,7,,
2025-05-09 00:00:55,7,,
2025-05-09 00:01:01,7,,
2025-05-09 00:01:06,7,,
2025-05-09 00:01:11,7,,
2025-05-09 00:01:16,7,,
2025-05-09 00:01:21,7,,
2025-05-09 00:01:27,7,,
2025-05-09 00:01:32,7,,
2025-05-09 00:01:37,7,,
2025-05-09 00:01:42,7,,
2025-05-09 00:01:47,7,,
2025-05-09 00:01:53,7,,
2025-05-09 00:01:58,7,,
2025-05-09 00:02:03,7,,
2025-05-09 00:02:08,7,,
2025-05-09 00:02:13,7,,
2025-05-09 00:02:18,7,,
2025-05-09 00:02:24,7,,
2025-05-09 00:02:29,7,,
2025-05-09 00:02:34,7,,
2025-05-09 00:02:39,7,,
2025-05-09 00:02:45,7,,
2025-05-09 00:02:50,7,,
2025-05-09 00:02:55,7,,
2025-05-09 00:03:00,7,,
2025-05-09 00:03:05,7,,
2025-05-09 00:03:10,7,,
2025-05-09 00:03:16,7,,
2025-05-09 00:03:21,7,,
2025-05-09 00:03:26,7,,
2025-05-09 00:03:31,7,,
2025-05-09 00:03:36,7,,
2025-05-09 00:03:42,7,,
2025-05-09 00:03:47,7,,
2025-05-09 00:03:52,7,,
2025-05-09 00:03:57,7,,
2025-05-09 00:04:02,7,,
2025-05-09 00:04:08,7,,
2025-05-09 00:04:13,7,,
2025-05-09 00:04:18,7,,
2025-05-09 00:04:23,7,,
2025-05-09 00:04:28,7,,
2025-05-09 00:04:34,7,,
2025-05-09 00:04:39,7,,
2025-05-09 00:04:44,7,,
2025-05-09 00:04:49,7,,
2025-05-09 00:04:54,7,,
2025-05-09 00:05:00,7,,
2025-05-09 00:05:05,7,,
2025-05-09 00:05:10,7,,
2025-05-09 00:05:15,7,,
2025-05-09 00:05:21,7,,
2025-05-09 00:05:26,7,,
2025-05-09 00:05:31,7,,
2025-05-09 00:05:36,7,,
2025-05-09 00:05:41,7,,
2025-05-09 00:05:47,7,,
2025-05-09 00:05:52,7,,
2025-05-09 00:05:57,7,,
2025-05-09 00:06:03,7,,
2025-05-09 00:06:08,7,,
2025-05-09 00:06:13,7,,
2025-05-09 00:06:18,7,,
2025-05-09 00:06:23,7,,
2025-05-09 00:06:29,7,,
2025-05-09 00:06:34,7,,
2025-05-09 00:06:39,7,,
2025-05-09 00:06:44,7,,
2025-05-09 00:06:50,7,,
2025-05-09 00:06:55,7,,
2025-05-09 00:07:00,7,,
2025-05-09 00:07:05,7,,
2025-05-09 00:07:10,7,,
2025-05-09 00:07:16,7,,
2025-05-09 00:07:21,7,,
2025-05-09 00:07:26,7,,
2025-05-09 00:07:31,7,,
2025-05-09 00:07:37,7,,
2025-05-09 00:07:42,7,,
2025-05-09 00:07:47,7,,
2025-05-09 00:07:52,7,,
2025-05-09 00:07:57,7,,
2025-05-09 00:08:03,7,,
2025-05-09 00:08:08,7,,
2025-05-09 00:08:13,7,,
2025-05-09 00:08:18,7,,
2025-05-09 00:08:23,7,,
2025-05-09 00:08:29,7,,
2025-05-09 00:08:34,7,,
2025-05-09 00:08:39,7,,
2025-05-09 00:08:44,7,,
2025-05-09 00:08:49,7,,
2025-05-09 00:08:55,7,,
2025-05-09 00:09:00,7,,
2025-05-09 00:09:05,7,,
2025-05-09 00:09:10,7,,
2025-05-09 00:09:15,7,,
2025-05-09 00:09:21,7,,
2025-05-09 00:09:26,7,,
2025-05-09 00:09:31,7,,
2025-05-09 00:09:36,7,,
2025-05-09 00:09:41,7,,
2025-05-09 00:09:47,7,,
2025-05-09 00:09:52,7,,
2025-05-09 00:09:57,7,,
2025-05-09 00:10:02,7,,
2025-05-09 00:10:08,7,,
2025-05-09 00:10:13,7,,
2025-05-09 00:10:18,7,,
2025-05-09 00:10:23,7,,
2025-05-09 00:10:28,7,,
2025-05-09 00:10:34,7,,
2025-05-09 00:10:39,7,,
2025-05-09 00:10:44,7,,
2025-05-09 00:10:49,7,,
2025-05-09 00:10:54,7,,
2025-05-09 00:11:00,7,,
2025-05-09 00:11:05,7,,
2025-05-09 00:11:10,7,,
2025-05-09 00:11:15,7,,
2025-05-09 00:11:20,7,,
2025-05-09 00:11:26,7,,
2025-05-09 00:11:31,7,,
2025-05-09 00:11:36,7,,
2025-05-09 00:11:41,7,,
2025-05-09 00:11:47,7,,
2025-05-09 00:11:52,7,,
2025-05-09 00:11:57,7,,
2025-05-09 00:12:02,7,,
2025-05-09 00:12:08,7,,
2025-05-09 00:12:13,7,,
2025-05-09 00:12:18,7,,
2025-05-09 00:12:23,7,,
2025-05-09 00:12:28,7,,
2025-05-09 00:12:34,7,,
2025-05-09 00:12:39,7,,
2025-05-09 00:12:44,7,,
2025-05-09 00:12:49,7,,
2025-05-09 00:12:54,7,,
2025-05-09 00:13:00,7,,
2025-05-09 00:13:05,7,,
2025-05-09 00:13:10,7,,
2025-05-09 00:13:15,7,,
2025-05-09 00:13:20,7,,
2025-05-09 00:13:26,7,,
2025-05-09 00:13:31,7,,
2025-05-09 00:13:36,7,,
2025-05-09 00:13:41,7,,
2025-05-09 00:13:46,7,,
2025-05-09 00:13:51,7,,
2025-05-09 00:13:57,7,,
2025-05-09 00:14:02,7,,
2025-05-09 00:14:07,7,,
2025-05-09 00:14:12,7,,
2025-05-09 00:14:17,7,,
2025-05-09 00:14:22,7,,
2025-05-09 00:14:28,7,,
2025-05-09 00:14:33,7,,
2025-05-09 00:14:38,7,,
2025-05-09 00:14:43,7,,
2025-05-09 00:14:48,7,,
2025-05-09 00:14:54,7,,
2025-05-09 00:14:59,7,,
2025-05-09 00:15:04,7,,
2025-05-09 00:15:09,7,,
2025-05-09 00:15:14,7,,
2025-05-09 00:15:20,7,,
2025-05-09 00:15:25,7,,
2025-05-09 00:15:47,7,,
2025-05-09 00:15:53,7,,
2025-05-09 00:15:58,7,,
2025-05-09 00:16:03,7,,
2025-05-09 00:16:08,7,,
2025-05-09 00:16:13,7,,
2025-05-09 00:16:19,7,,
2025-05-09 00:16:24,7,,
2025-05-09 00:16:29,7,,
2025-05-09 00:16:34,7,,
2025-05-09 00:16:40,7,,
2025-05-09 00:16:45,7,,
2025-05-09 00:16:50,7,,
2025-05-09 00:16:55,7,,
2025-05-09 00:17:00,7,,
2025-05-09 00:17:06,7,,
2025-05-09 00:17:11,7,,
2025-05-09 00:17:16,7,,
2025-05-09 00:17:21,7,,
2025-05-09 00:17:26,7,,
2025-05-09 00:17:32,7,,
2025-05-09 00:17:37,7,,
2025-05-09 00:17:42,7,,
2025-05-09 00:17:47,7,,
2025-05-09 00:17:52,7,,
2025-05-09 00:17:58,7,,
2025-05-09 00:18:03,7,,
2025-05-09 00:18:08,7,,
2025-05-09 00:18:13,7,,
2025-05-09 00:18:18,7,,
2025-05-09 00:18:24,7,,
2025-05-09 00:18:29,7,,
2025-05-09 00:18:34,7,,
2025-05-09 00:18:39,7,,
2025-05-09 00:18:44,7,,
2025-05-09 00:18:49,7,,
2025-05-09 00:18:55,7,,
2025-05-09 00:19:00,7,,
2025-05-09 00:19:05,7,,
2025-05-09 00:19:10,7,,
2025-05-09 00:19:15,7,,
2025-05-09 00:19:21,7,,
2025-05-09 00:19:26,7,,
2025-05-09 00:19:31,7,,
2025-05-09 00:19:36,7,,
2025-05-09 00:19:41,7,,
2025-05-09 00:19:47,7,,
2025-05-09 00:19:52,7,,
2025-05-09 00:19:57,7,,
2025-05-09 00:20:02,7,,
2025-05-09 00:20:07,7,,
2025-05-09 00:20:13,7,,
2025-05-09 00:20:18,7,,
2025-05-09 00:20:23,7,,
2025-05-09 00:20:28,7,,
2025-05-09 00:20:33,7,,
2025-05-09 00:20:38,7,,
2025-05-09 00:20:44,7,,
2025-05-09 00:20:49,7,,
2025-05-09 00:20:54,7,,
2025-05-09 00:20:59,7,,
2025-05-09 00:21:04,7,,
2025-05-09 00:21:10,7,,
2025-05-09 00:21:15,7,,
2025-05-09 00:21:20,7,,
2025-05-09 00:21:25,7,,
2025-05-09 00:21:31,7,,
2025-05-09 00:21:36,7,,
2025-05-09 00:21:41,7,,
2025-05-09 00:21:46,7,,
2025-05-09 00:21:51,7,,
2025-05-09 00:21:57,7,,
2025-05-09 00:22:02,7,,
2025-05-09 00:22:07,7,,
2025-05-09 00:22:12,7,,
2025-05-09 00:22:17,7,,
2025-05-09 00:22:22,7,,
2025-05-09 00:22:28,7,,
2025-05-09 00:22:33,7,,
2025-05-09 00:22:38,7,,
2025-05-09 00:22:44,7,,
2025-05-09 00:22:49,7,,
2025-05-09 00:22:54,7,,
2025-05-09 00:22:59,7,,
2025-05-09 00:23:05,7,,
2025-05-09 00:23:10,7,,
2025-05-09 00:23:15,7,,
2025-05-09 00:23:20,7,,
2025-05-09 00:23:25,7,,
2025-05-09 00:23:31,7,,
2025-05-09 00:23:36,7,,
2025-05-09 00:23:41,7,,
2025-05-09 00:23:46,7,,
2025-05-09 00:23:51,7,,
2025-05-09 00:23:57,7,,
2025-05-09 00:24:02,7,,
2025-05-09 00:24:07,7,,
2025-05-09 00:24:12,7,,
2025-05-09 00:24:18,7,,
2025-05-09 00:24:23,7,,
2025-05-09 00:24:28,7,,
2025-05-09 00:24:33,7,,
2025-05-09 00:24:39,7,,
2025-05-09 00:24:44,7,,
2025-05-09 00:24:49,7,,
2025-05-09 00:24:54,7,,
2025-05-09 00:25:00,7,,
2025-05-09 00:25:05,7,,
2025-05-09 00:25:10,7,,
2025-05-09 00:25:16,7,,
2025-05-09 00:25:21,7,,
2025-05-09 00:25:26,7,,
2025-05-09 00:25:31,7,,
2025-05-09 00:25:36,7,,
2025-05-09 00:25:42,7,,
2025-05-09 00:25:47,7,,
2025-05-09 00:25:52,7,,
2025-05-09 00:25:58,7,,
2025-05-09 00:26:03,7,,
2025-05-09 00:26:08,7,,
2025-05-09 00:26:13,7,,
2025-05-09 00:26:19,7,,
2025-05-09 00:26:24,7,,
2025-05-09 00:26:29,7,,
2025-05-09 00:26:34,7,,
2025-05-09 00:26:40,7,,
2025-05-09 00:26:45,7,,
2025-05-09 00:26:50,7,,
2025-05-09 00:26:55,7,,
2025-05-09 00:27:01,7,,
2025-05-09 00:27:06,7,,
2025-05-09 00:27:11,7,,
2025-05-09 00:27:17,7,,
2025-05-09 00:27:22,7,,
2025-05-09 00:27:27,7,,
2025-05-09 00:27:32,7,,
2025-05-09 00:27:38,7,,
2025-05-09 00:27:43,7,,
2025-05-09 00:27:48,7,,
2025-05-09 00:27:53,7,,
2025-05-09 00:27:59,7,,
2025-05-09 00:28:04,7,,
2025-05-09 00:28:09,7,,
2025-05-09 00:28:15,7,,
2025-05-09 00:28:20,7,,
2025-05-09 00:28:25,7,,
2025-05-09 00:28:30,7,,
2025-05-09 00:28:36,7,,
2025-05-09 00:28:41,7,,
2025-05-09 00:28:47,7,,
2025-05-09 00:28:52,7,,
2025-05-09 00:28:57,7,,
2025-05-09 00:29:02,7,,
2025-05-09 00:29:08,7,,
2025-05-09 00:29:13,7,,
2025-05-09 00:29:18,7,,
2025-05-09 00:29:23,7,,
2025-05-09 00:29:29,7,,
2025-05-09 00:29:34,7,,
2025-05-09 00:29:39,7,,
2025-05-09 00:29:45,7,,
2025-05-09 00:29:50,7,,
2025-05-09 00:29:55,7,,
2025-05-09 00:30:00,7,,
2025-05-09 00:30:06,7,,
2025-05-09 00:30:11,7,,
2025-05-09 00:30:16,7,,
2025-05-09 00:30:22,7,,
2025-05-09 00:30:27,7,,
2025-05-09 00:30:32,7,,
2025-05-09 00:30:37,7,,
2025-05-09 00:30:43,7,,
2025-05-09 00:30:48,7,,
2025-05-09 00:30:53,7,,
2025-05-09 00:30:59,7,,
2025-05-09 00:31:04,7,,
2025-05-09 00:31:09,7,,
2025-05-09 00:31:15,7,,
2025-05-09 00:31:20,7,,
2025-05-09 00:31:25,7,,
2025-05-09 00:31:30,7,,
2025-05-09 00:31:36,7,,
2025-05-09 00:31:41,7,,
2025-05-09 00:31:46,7,,
2025-05-09 00:31:52,7,,
2025-05-09 00:31:57,7,,
2025-05-09 00:32:02,7,,
2025-05-09 00:32:08,7,,
2025-05-09 00:32:13,7,,
2025-05-09 00:32:18,7,,
2025-05-09 00:32:24,7,,
2025-05-09 00:32:29,7,,
2025-05-09 00:32:34,7,,
2025-05-09 00:32:40,7,,
2025-05-09 00:32:45,7,,
2025-05-09 00:32:50,7,,
2025-05-09 00:32:56,7,,
2025-05-09 00:33:01,7,,
2025-05-09 00:33:06,7,,
2025-05-09 00:33:12,7,,
2025-05-09 00:33:17,7,,
2025-05-09 00:33:22,7,,
2025-05-09 00:33:28,7,,
2025-05-09 00:33:33,7,,
2025-05-09 00:33:38,7,,
2025-05-09 00:33:44,7,,
2025-05-09 00:33:49,7,,
2025-05-09 00:33:54,7,,
2025-05-09 00:34:00,7,,
2025-05-09 00:34:05,7,,
2025-05-09 00:34:10,7,,
2025-05-09 00:34:16,7,,
2025-05-09 00:34:21,7,,
2025-05-09 00:34:27,7,,
2025-05-09 00:34:32,7,,
2025-05-09 00:34:37,7,,
2025-05-09 00:34:43,7,,
2025-05-09 00:34:48,7,,
2025-05-09 00:34:53,7,,
2025-05-09 00:34:59,7,,
2025-05-09 00:35:04,7,,
2025-05-09 00:35:09,7,,
2025-05-09 00:35:15,7,,
2025-05-09 00:35:20,7,,
2025-05-09 00:35:25,7,,
2025-05-09 00:35:31,7,,
2025-05-09 00:35:36,7,,
2025-05-09 00:35:42,7,,
2025-05-09 00:35:47,7,,
2025-05-09 00:35:52,7,,
2025-05-09 00:35:58,7,,
2025-05-09 00:36:03,7,,
2025-05-09 00:36:08,7,,
2025-05-09 00:36:14,7,,
2025-05-09 00:36:19,7,,
2025-05-09 00:36:24,7,,
2025-05-09 00:36:30,7,,
2025-05-09 00:36:35,7,,
2025-05-09 00:36:41,7,,
2025-05-09 00:36:46,7,,
2025-05-09 00:36:51,7,,
2025-05-09 00:36:57,7,,
2025-05-09 00:37:02,7,,
2025-05-09 00:37:08,7,,
2025-05-09 00:37:13,7,,
2025-05-09 00:37:18,7,,
2025-05-09 00:37:23,7,,
2025-05-09 00:37:29,7,,
2025-05-09 00:37:34,7,,
2025-05-09 00:37:39,7,,
2025-05-09 00:37:45,7,,
2025-05-09 00:37:50,7,,
2025-05-09 00:37:55,7,,
2025-05-09 00:38:01,7,,
2025-05-09 00:38:06,7,,
2025-05-09 00:38:12,7,,
2025-05-09 00:38:17,7,,
2025-05-09 00:38:22,7,,
2025-05-09 00:38:28,7,,
2025-05-09 00:38:33,7,,
2025-05-09 00:38:39,7,,
2025-05-09 00:38:44,7,,
2025-05-09 00:38:49,7,,
2025-05-09 00:38:54,7,,
2025-05-09 00:39:00,7,,
2025-05-09 00:39:05,7,,
2025-05-09 00:39:10,7,,
2025-05-09 00:39:16,7,,
2025-05-09 00:39:21,7,,
2025-05-09 00:39:26,7,,
2025-05-09 00:39:32,7,,
2025-05-09 00:39:37,7,,
2025-05-09 00:39:42,7,,
2025-05-09 00:39:48,7,,
2025-05-09 00:39:53,7,,
2025-05-09 00:39:58,7,,
2025-05-09 00:40:04,7,,
2025-05-09 00:40:09,7,,
2025-05-09 00:40:14,7,,
2025-05-09 00:40:20,7,,
2025-05-09 00:40:25,7,,
2025-05-09 00:40:30,7,,
2025-05-09 00:40:36,7,,
2025-05-09 00:40:41,7,,
2025-05-09 00:40:47,7,,
2025-05-09 00:40:52,7,,
2025-05-09 00:40:57,7,,
2025-05-09 00:41:03,7,,
2025-05-09 00:41:08,7,,
2025-05-09 00:41:14,7,,
2025-05-09 00:41:19,7,,
2025-05-09 00:41:24,7,,
2025-05-09 00:41:29,7,,
2025-05-09 00:41:35,7,,
2025-05-09 00:41:40,7,,
2025-05-09 00:41:45,7,,
2025-05-09 00:41:51,7,,
2025-05-09 00:41:56,7,,
2025-05-09 00:42:01,7,,
2025-05-09 00:42:06,7,,
2025-05-09 00:42:12,7,,
2025-05-09 00:42:17,7,,
2025-05-09 00:42:22,7,,
2025-05-09 00:42:28,7,,
2025-05-09 00:42:33,7,,
2025-05-09 00:42:38,7,,
2025-05-09 00:42:44,7,,
2025-05-09 00:42:49,7,,
2025-05-09 00:42:54,7,,
2025-05-09 00:42:59,7,,
2025-05-09 00:43:05,7,,
2025-05-09 00:43:10,7,,
2025-05-09 00:43:15,7,,
2025-05-09 00:43:20,7,,
2025-05-09 00:43:26,7,,
2025-05-09 00:43:31,7,,
2025-05-09 00:43:36,7,,
2025-05-09 00:43:42,7,,
2025-05-09 00:43:47,7,,
2025-05-09 00:43:52,7,,
2025-05-09 00:43:57,7,,
2025-05-09 00:44:03,7,,
2025-05-09 00:44:08,7,,
2025-05-09 00:44:13,7,,
2025-05-09 00:44:19,7,,
2025-05-09 00:44:24,7,,
2025-05-09 00:44:29,7,,
2025-05-09 00:44:35,7,,
2025-05-09 00:44:40,7,,
2025-05-09 00:44:46,7,,
2025-05-09 00:44:51,7,,
2025-05-09 00:44:56,7,,
2025-05-09 00:45:01,7,,
2025-05-09 00:45:07,7,,
2025-05-09 00:45:12,7,,
2025-05-09 00:45:17,7,,
2025-05-09 00:45:22,7,,
2025-05-09 00:45:28,7,,
2025-05-09 00:45:33,7,,
2025-05-09 00:45:38,7,,
2025-05-09 00:45:44,7,,
2025-05-09 00:45:49,7,,
2025-05-09 00:45:54,7,,
2025-05-09 00:46:00,7,,
2025-05-09 00:46:05,7,,
2025-05-09 00:46:10,7,,
2025-05-09 00:46:15,7,,
2025-05-09 00:46:21,7,,
2025-05-09 00:46:26,7,,
2025-05-09 00:46:31,7,,
2025-05-09 00:46:36,7,,
2025-05-09 00:46:41,7,,
2025-05-09 00:46:47,7,,
2025-05-09 00:46:52,7,,
2025-05-09 00:46:57,7,,
2025-05-09 00:47:02,7,,
2025-05-09 00:47:07,7,,
2025-05-09 00:47:13,7,,
2025-05-09 00:47:18,7,,
2025-05-09 00:47:23,7,,
2025-05-09 00:47:28,7,,
2025-05-09 00:47:33,7,,
2025-05-09 00:47:38,7,,
2025-05-09 00:47:44,7,,
2025-05-09 00:47:49,7,,
2025-05-09 00:47:54,7,,
2025-05-09 00:47:59,7,,
2025-05-09 00:48:04,7,,
2025-05-09 00:48:10,7,,
2025-05-09 00:48:15,7,,
2025-05-09 00:48:20,7,,
2025-05-09 00:48:25,7,,
2025-05-09 00:48:30,7,,
2025-05-09 00:48:36,7,,
2025-05-09 00:48:41,7,,
2025-05-09 00:48:46,7,,
2025-05-09 00:48:51,7,,
2025-05-09 00:48:57,7,,
2025-05-09 00:49:02,7,,
2025-05-09 00:49:07,7,,
2025-05-09 00:49:12,7,,
2025-05-09 00:49:17,7,,
2025-05-09 00:49:23,7,,
2025-05-09 00:49:28,7,,
2025-05-09 00:49:33,7,,
2025-05-09 00:49:39,7,,
2025-05-09 00:49:44,7,,
2025-05-09 00:49:49,7,,
2025-05-09 00:49:55,7,,
2025-05-09 00:50:00,7,,
2025-05-09 00:50:05,7,,
2025-05-09 00:50:11,7,,
2025-05-09 00:50:16,7,,
2025-05-09 00:50:21,7,,
2025-05-09 00:50:27,7,,
2025-05-09 00:50:32,7,,
2025-05-09 00:50:37,7,,
2025-05-09 00:50:42,7,,
2025-05-09 00:50:48,7,,
2025-05-09 00:50:53,7,,
2025-05-09 00:50:58,7,,
2025-05-09 00:51:03,7,,
2025-05-09 00:51:08,7,,
2025-05-09 00:51:13,7,,
2025-05-09 00:51:19,7,,
2025-05-09 00:51:24,7,,
2025-05-09 00:51:29,7,,
2025-05-09 00:51:34,7,,
2025-05-09 00:51:39,7,,
2025-05-09 00:51:45,7,,
2025-05-09 00:51:50,7,,
2025-05-09 00:51:55,7,,
2025-05-09 00:52:00,7,,
2025-05-09 00:52:06,7,,
2025-05-09 00:52:11,7,,
2025-05-09 00:52:16,7,,
2025-05-09 00:52:21,7,,
2025-05-09 00:52:26,7,,
2025-05-09 00:52:32,7,,
2025-05-09 00:52:37,7,,
2025-05-09 00:52:42,7,,
2025-05-09 00:52:47,7,,
2025-05-09 00:52:52,7,,
2025-05-09 00:52:57,7,,
2025-05-09 00:53:03,7,,
2025-05-09 00:53:08,7,,
2025-05-09 00:53:13,7,,
2025-05-09 00:53:18,7,,
2025-05-09 00:53:23,7,,
2025-05-09 00:53:29,7,,
2025-05-09 00:53:34,7,,
2025-05-09 00:53:39,7,,
2025-05-09 00:53:44,7,,
2025-05-09 00:53:50,7,,
2025-05-09 00:53:55,7,,
2025-05-09 00:54:00,7,,
2025-05-09 00:54:06,7,,
2025-05-09 00:54:11,7,,
2025-05-09 00:54:17,7,,
2025-05-09 00:54:22,7,,
2025-05-09 00:54:27,7,,
2025-05-09 00:54:33,7,,
2025-05-09 00:54:38,7,,
2025-05-09 00:54:43,7,,
2025-05-09 00:54:48,7,,
2025-05-09 00:54:54,7,,
2025-05-09 00:54:59,7,,
2025-05-09 00:55:04,7,,
2025-05-09 00:55:10,7,,
2025-05-09 00:55:15,7,,
2025-05-09 00:55:20,7,,
2025-05-09 00:55:26,7,,
2025-05-09 00:55:31,7,,
2025-05-09 00:55:36,7,,
2025-05-09 00:55:41,7,,
2025-05-09 00:55:47,7,,
2025-05-09 00:55:52,7,,
2025-05-09 00:55:57,7,,
2025-05-09 00:56:03,7,,
2025-05-09 00:56:08,7,,
2025-05-09 00:56:13,7,,
2025-05-09 00:56:18,7,,
2025-05-09 00:56:23,7,,
2025-05-09 00:56:29,7,,
2025-05-09 00:56:34,7,,
2025-05-09 00:56:39,7,,
2025-05-09 00:56:44,7,,
2025-05-09 00:56:49,7,,
2025-05-09 00:56:55,7,,
2025-05-09 00:57:00,7,,
2025-05-09 00:57:05,7,,
2025-05-09 00:57:10,7,,
2025-05-09 00:57:15,7,,
2025-05-09 00:57:20,7,,
2025-05-09 00:57:26,7,,
2025-05-09 00:57:31,7,,
2025-05-09 00:57:36,7,,
2025-05-09 00:57:41,7,,
2025-05-09 00:57:46,7,,
2025-05-09 00:57:52,7,,
2025-05-09 00:57:57,7,,
2025-05-09 00:58:02,7,,
2025-05-09 00:58:07,7,,
2025-05-09 00:58:13,7,,
2025-05-09 00:58:18,7,,
2025-05-09 00:58:23,7,,
2025-05-09 00:58:29,7,,
2025-05-09 00:58:34,7,,
2025-05-09 00:58:39,7,,
2025-05-09 00:58:45,7,,
2025-05-09 00:58:50,7,,
2025-05-09 00:58:56,7,,
2025-05-09 00:59:01,7,,
2025-05-09 00:59:06,7,,
2025-05-09 00:59:12,7,,
2025-05-09 00:59:17,7,,
2025-05-09 00:59:23,7,,
2025-05-09 00:59:28,7,,
2025-05-09 00:59:33,7,,
2025-05-09 00:59:38,7,,
2025-05-09 00:59:44,7,,
2025-05-09 00:59:49,7,,
2025-05-09 00:59:54,7,,
2025-05-09 01:00:00,7,,
2025-05-09 01:00:05,7,,
2025-05-09 01:00:10,7,,
2025-05-09 01:00:16,7,,
2025-05-09 01:00:21,7,,
2025-05-09 01:00:27,7,,
2025-05-09 01:00:32,7,,
2025-05-09 01:00:37,7,,
2025-05-09 01:00:43,7,,
2025-05-09 01:00:48,7,,
2025-05-09 01:00:54,7,,
2025-05-09 01:00:59,7,,
2025-05-09 01:01:05,7,,
2025-05-09 01:01:10,7,,
2025-05-09 01:01:16,7,,
2025-05-09 01:01:21,7,,
2025-05-09 01:01:26,7,,
2025-05-09 01:01:32,7,,
2025-05-09 01:01:37,7,,
2025-05-09 01:01:42,7,,
2025-05-09 01:01:48,7,,
2025-05-09 01:01:53,7,,
2025-05-09 01:01:58,7,,
2025-05-09 01:02:03,7,,
2025-05-09 01:02:08,7,,
2025-05-09 01:02:14,7,,
2025-05-09 01:02:19,7,,
2025-05-09 01:02:24,7,,
2025-05-09 01:02:29,7,,
2025-05-09 01:02:34,7,,
2025-05-09 01:02:40,7,,
2025-05-09 01:02:45,7,,
2025-05-09 01:02:50,7,,
2025-05-09 01:02:55,7,,
2025-05-09 01:03:00,7,,
2025-05-09 01:03:06,7,,
2025-05-09 01:03:11,7,,
2025-05-09 01:03:16,7,,
2025-05-09 01:03:22,7,,
2025-05-09 01:03:27,7,,
2025-05-09 01:03:32,7,,
2025-05-09 01:03:37,7,,
2025-05-09 01:03:43,7,,
2025-05-09 01:03:48,7,,
2025-05-09 01:03:54,7,,
2025-05-09 01:03:59,7,,
2025-05-09 01:04:04,7,,
2025-05-09 01:04:09,7,,
2025-05-09 01:04:15,7,,
2025-05-09 01:04:20,7,,
2025-05-09 01:04:25,7,,
2025-05-09 01:04:31,7,,
2025-05-09 01:04:36,7,,
2025-05-09 01:04:41,7,,
2025-05-09 01:04:47,7,,
2025-05-09 01:04:52,7,,
2025-05-09 01:04:57,7,,
2025-05-09 01:05:02,7,,
2025-05-09 01:05:07,7,,
2025-05-09 01:05:13,7,,
2025-05-09 01:05:18,7,,
2025-05-09 01:05:23,7,,
2025-05-09 01:05:28,7,,
2025-05-09 01:05:33,7,,
2025-05-09 01:05:39,7,,
2025-05-09 01:05:44,7,,
2025-05-09 01:05:49,7,,
2025-05-09 01:05:54,7,,
2025-05-09 01:06:00,7,,
2025-05-09 01:06:05,7,,
2025-05-09 01:06:11,7,,
2025-05-09 01:06:16,7,,
2025-05-09 01:06:21,7,,
2025-05-09 01:06:27,7,,
2025-05-09 01:06:32,7,,
2025-05-09 01:06:37,7,,
2025-05-09 01:06:42,7,,
2025-05-09 01:06:47,7,,
2025-05-09 01:06:52,7,,
2025-05-09 01:06:58,7,,
2025-05-09 01:07:03,7,,
2025-05-09 01:07:08,7,,
2025-05-09 01:07:13,7,,
2025-05-09 01:07:18,7,,
2025-05-09 01:07:24,7,,
2025-05-09 01:07:29,7,,
2025-05-09 01:07:34,7,,
2025-05-09 01:07:39,7,,
2025-05-09 01:07:44,7,,
2025-05-09 01:07:50,7,,
2025-05-09 01:07:55,7,,
2025-05-09 01:08:00,7,,
2025-05-09 01:08:05,7,,
2025-05-09 01:08:11,7,,
2025-05-09 01:08:16,7,,
2025-05-09 01:08:21,7,,
2025-05-09 01:08:26,7,,
2025-05-09 01:08:31,7,,
2025-05-09 01:08:37,7,,
2025-05-09 01:08:42,7,,
2025-05-09 01:08:47,7,,
2025-05-09 01:08:52,7,,
2025-05-09 01:08:57,7,,
2025-05-09 01:09:03,7,,
2025-05-09 01:09:08,7,,
2025-05-09 01:09:13,7,,
2025-05-09 01:09:18,7,,
2025-05-09 01:09:24,7,,
2025-05-09 01:09:29,7,,
2025-05-09 01:09:34,7,,
2025-05-09 01:09:39,7,,
2025-05-09 01:09:44,7,,
2025-05-09 01:09:50,7,,
2025-05-09 01:09:55,7,,
2025-05-09 01:10:00,7,,
2025-05-09 01:10:05,7,,
2025-05-09 01:10:10,7,,
2025-05-09 01:10:15,7,,
2025-05-09 01:10:21,7,,
2025-05-09 01:10:26,7,,
2025-05-09 01:10:31,7,,
2025-05-09 01:10:36,7,,
2025-05-09 01:10:42,7,,
2025-05-09 01:10:47,7,,
2025-05-09 01:10:52,7,,
2025-05-09 01:10:57,7,,
2025-05-09 01:11:03,7,,
2025-05-09 01:11:08,7,,
2025-05-09 01:11:13,7,,
2025-05-09 01:11:18,7,,
2025-05-09 01:11:24,7,,
2025-05-09 01:11:29,7,,
2025-05-09 01:11:34,7,,
2025-05-09 01:11:39,7,,
2025-05-09 01:11:44,7,,
2025-05-09 01:11:49,7,,
2025-05-09 01:11:55,7,,
2025-05-09 01:12:00,7,,
2025-05-09 01:12:05,7,,
2025-05-09 01:12:11,7,,
2025-05-09 01:12:16,7,,
2025-05-09 01:12:21,7,,
2025-05-09 01:12:26,7,,
2025-05-09 01:12:31,7,,
2025-05-09 01:12:36,7,,
2025-05-09 01:12:42,7,,
2025-05-09 01:12:47,7,,
2025-05-09 01:12:52,7,,
2025-05-09 01:12:57,7,,
2025-05-09 01:13:02,7,,
2025-05-09 01:13:08,7,,
2025-05-09 01:13:13,7,,
2025-05-09 01:13:18,7,,
2025-05-09 01:13:23,7,,
2025-05-09 01:13:28,7,,
2025-05-09 01:13:34,7,,
2025-05-09 01:13:39,7,,
2025-05-09 01:13:44,7,,
2025-05-09 01:13:49,7,,
2025-05-09 01:13:54,7,,
2025-05-09 01:14:00,7,,
2025-05-09 01:14:05,7,,
2025-05-09 01:14:10,7,,
2025-05-09 01:14:15,7,,
2025-05-09 01:14:20,7,,
2025-05-09 01:14:26,7,,
2025-05-09 01:14:31,7,,
2025-05-09 01:14:36,7,,
2025-05-09 01:14:41,7,,
2025-05-09 01:14:47,7,,
2025-05-09 01:14:52,7,,
2025-05-09 01:14:57,7,,
2025-05-09 01:15:02,7,,
2025-05-09 01:15:07,7,,
2025-05-09 01:15:13,7,,
2025-05-09 01:15:18,7,,
2025-05-09 01:15:23,7,,
2025-05-09 01:15:28,7,,
2025-05-09 01:15:34,7,,
2025-05-09 01:15:39,7,,
2025-05-09 01:15:44,7,,
2025-05-09 01:15:49,7,,
2025-05-09 01:15:54,7,,
2025-05-09 01:15:59,7,,
2025-05-09 01:16:05,7,,
2025-05-09 01:16:10,7,,
2025-05-09 01:16:15,7,,
2025-05-09 01:16:21,7,,
2025-05-09 01:16:26,7,,
2025-05-09 01:16:31,7,,
2025-05-09 01:16:36,7,,
2025-05-09 01:16:41,7,,
2025-05-09 01:16:46,7,,
2025-05-09 01:16:52,7,,
2025-05-09 01:16:57,7,,
2025-05-09 01:17:02,7,,
2025-05-09 01:17:07,7,,
2025-05-09 01:17:12,7,,
2025-05-09 01:17:18,7,,
2025-05-09 01:17:23,7,,
2025-05-09 01:17:28,7,,
2025-05-09 01:17:33,7,,
2025-05-09 01:17:38,7,,
2025-05-09 01:17:44,7,,
2025-05-09 01:17:49,7,,
2025-05-09 01:17:54,7,,
2025-05-09 01:17:59,7,,
2025-05-09 01:18:05,7,,
2025-05-09 01:18:10,7,,
2025-05-09 01:18:15,7,,
2025-05-09 01:18:20,7,,
2025-05-09 01:18:25,7,,
2025-05-09 01:18:30,7,,
2025-05-09 01:18:36,7,,
2025-05-09 01:18:41,7,,
2025-05-09 01:18:46,7,,
2025-05-09 01:18:51,7,,
2025-05-09 01:18:56,7,,
2025-05-09 01:19:02,7,,
2025-05-09 01:19:07,7,,
2025-05-09 01:19:12,7,,
2025-05-09 01:19:18,7,,
2025-05-09 01:19:23,7,,
2025-05-09 01:19:29,7,,
2025-05-09 01:19:34,7,,
2025-05-09 01:19:39,7,,
2025-05-09 01:19:45,7,,
2025-05-09 01:19:50,7,,
2025-05-09 01:19:55,7,,
2025-05-09 01:20:00,7,,
2025-05-09 01:20:06,7,,
2025-05-09 01:20:11,7,,
2025-05-09 01:20:16,7,,
2025-05-09 01:20:21,7,,
2025-05-09 01:20:26,7,,
2025-05-09 01:20:32,7,,
2025-05-09 01:20:37,7,,
2025-05-09 01:20:42,7,,
2025-05-09 01:20:47,7,,
2025-05-09 01:20:52,7,,
2025-05-09 01:20:57,7,,
2025-05-09 01:21:03,7,,
2025-05-09 01:21:08,7,,
2025-05-09 01:21:13,7,,
2025-05-09 01:21:18,7,,
2025-05-09 01:21:23,7,,
2025-05-09 01:21:29,7,,
2025-05-09 01:21:34,7,,
2025-05-09 01:21:39,7,,
2025-05-09 01:21:44,7,,
2025-05-09 01:21:49,7,,
2025-05-09 01:21:55,7,,
2025-05-09 01:22:00,7,,
2025-05-09 01:22:05,7,,
2025-05-09 01:22:10,7,,
2025-05-09 01:22:15,7,,
2025-05-09 01:22:20,7,,
2025-05-09 01:22:26,7,,
2025-05-09 01:22:31,7,,
2025-05-09 01:22:37,7,,
2025-05-09 01:22:42,7,,
2025-05-09 01:22:47,7,,
2025-05-09 01:22:53,7,,
2025-05-09 01:22:58,7,,
2025-05-09 01:23:04,7,,
2025-05-09 01:23:09,7,,
2025-05-09 01:23:14,7,,
2025-05-09 01:23:20,7,,
2025-05-09 01:23:25,7,,
2025-05-09 01:23:30,7,,
2025-05-09 01:23:35,7,,
2025-05-09 01:23:41,7,,
2025-05-09 01:23:46,7,,
2025-05-09 01:23:51,7,,
2025-05-09 01:23:56,7,,
2025-05-09 01:24:01,7,,
2025-05-09 01:24:06,7,,
2025-05-09 01:24:12,7,,
2025-05-09 01:24:17,7,,
2025-05-09 01:24:22,7,,
2025-05-09 01:24:27,7,,
2025-05-09 01:24:32,7,,
2025-05-09 01:24:37,7,,
2025-05-09 01:24:43,7,,
2025-05-09 01:24:48,7,,
2025-05-09 01:24:53,7,,
2025-05-09 01:24:59,7,,
2025-05-09 01:25:04,7,,
2025-05-09 01:25:09,7,,
2025-05-09 01:25:14,7,,
2025-05-09 01:25:19,7,,
2025-05-09 01:25:25,7,,
2025-05-09 01:25:30,7,,
2025-05-09 01:25:35,7,,
2025-05-09 01:25:40,7,,
2025-05-09 01:25:45,7,,
2025-05-09 01:25:50,7,,
2025-05-09 01:25:56,7,,
2025-05-09 01:26:01,7,,
2025-05-09 01:26:06,7,,
2025-05-09 01:26:11,7,,
2025-05-09 01:26:16,7,,
2025-05-09 01:26:22,7,,
2025-05-09 01:26:27,7,,
2025-05-09 01:26:32,7,,
2025-05-09 01:26:37,7,,
2025-05-09 01:26:43,7,,
2025-05-09 01:26:48,7,,
2025-05-09 01:26:53,7,,
2025-05-09 01:26:58,7,,
2025-05-09 01:27:03,7,,
2025-05-09 01:27:08,7,,
2025-05-09 01:27:14,7,,
2025-05-09 01:27:19,7,,
2025-05-09 01:27:24,7,,
2025-05-09 01:27:29,7,,
2025-05-09 01:27:34,7,,
2025-05-09 01:27:40,7,,
2025-05-09 01:27:45,7,,
2025-05-09 01:27:50,7,,
2025-05-09 01:27:55,7,,
2025-05-09 01:28:00,7,,
2025-05-09 01:28:06,7,,
2025-05-09 01:28:11,7,,
2025-05-09 01:28:16,7,,
2025-05-09 01:28:22,7,,
2025-05-09 01:28:27,7,,
2025-05-09 01:28:32,7,,
2025-05-09 01:28:37,7,,
2025-05-09 01:28:42,7,,
2025-05-09 01:28:48,7,,
2025-05-09 01:28:53,7,,
2025-05-09 01:28:58,7,,
2025-05-09 01:29:03,7,,
2025-05-09 01:29:08,7,,
2025-05-09 01:29:14,7,,
2025-05-09 01:29:19,7,,
2025-05-09 01:29:24,7,,
2025-05-09 01:29:29,7,,
2025-05-09 01:29:34,7,,
2025-05-09 01:29:40,7,,
2025-05-09 01:29:45,7,,
2025-05-09 01:29:50,7,,
2025-05-09 01:29:55,7,,
2025-05-09 01:30:00,7,,
2025-05-09 01:30:05,7,,
2025-05-09 01:30:11,7,,
2025-05-09 01:30:16,7,,
2025-05-09 01:30:21,7,,
2025-05-09 01:30:27,7,,
2025-05-09 01:30:32,7,,
2025-05-09 01:30:38,7,,
2025-05-09 01:30:43,7,,
2025-05-09 01:30:48,7,,
2025-05-09 01:30:53,7,,
2025-05-09 01:30:58,7,,
2025-05-09 01:31:04,7,,
2025-05-09 01:31:09,7,,
2025-05-09 01:31:14,7,,
2025-05-09 01:31:19,7,,
2025-05-09 01:31:24,7,,
2025-05-09 01:31:30,7,,
2025-05-09 01:31:35,7,,
2025-05-09 01:31:40,7,,
2025-05-09 01:31:45,7,,
2025-05-09 01:31:50,7,,
2025-05-09 01:31:55,7,,
2025-05-09 01:32:01,7,,
2025-05-09 01:32:06,7,,
2025-05-09 01:32:11,7,,
2025-05-09 01:32:16,7,,
2025-05-09 01:32:21,7,,
2025-05-09 01:32:27,7,,
2025-05-09 01:32:32,7,,
2025-05-09 01:32:37,7,,
2025-05-09 01:32:42,7,,
2025-05-09 01:32:48,7,,
2025-05-09 01:32:53,7,,
2025-05-09 01:32:58,7,,
2025-05-09 01:33:03,7,,
2025-05-09 01:33:08,7,,
2025-05-09 01:33:14,7,,
2025-05-09 01:33:19,7,,
2025-05-09 01:33:24,7,,
2025-05-09 01:33:29,7,,
2025-05-09 01:33:34,7,,
2025-05-09 01:33:40,7,,
2025-05-09 01:33:45,7,,
2025-05-09 01:33:50,7,,
2025-05-09 01:33:55,7,,
2025-05-09 01:34:00,7,,
2025-05-09 01:34:05,7,,
2025-05-09 01:34:11,7,,
2025-05-09 01:34:16,7,,
2025-05-09 01:34:21,7,,
2025-05-09 01:34:26,7,,
2025-05-09 01:34:31,7,,
2025-05-09 01:34:37,7,,
2025-05-09 01:34:42,7,,
2025-05-09 01:34:47,7,,
2025-05-09 01:34:52,7,,
2025-05-09 01:34:58,7,,
2025-05-09 01:35:03,7,,
2025-05-09 01:35:09,7,,
2025-05-09 01:35:14,7,,
2025-05-09 01:35:19,7,,
2025-05-09 01:35:24,7,,
2025-05-09 01:35:29,7,,
2025-05-09 01:35:35,7,,
2025-05-09 01:35:40,7,,
2025-05-09 01:35:45,7,,
2025-05-09 01:35:50,7,,
2025-05-09 01:35:55,7,,
2025-05-09 01:36:01,7,,
2025-05-09 01:36:06,7,,
2025-05-09 01:36:11,7,,
2025-05-09 01:36:16,7,,
2025-05-09 01:36:21,7,,
2025-05-09 01:36:27,7,,
2025-05-09 01:36:32,7,,
2025-05-09 01:36:37,7,,
2025-05-09 01:36:42,7,,
2025-05-09 01:36:47,7,,
2025-05-09 01:36:53,7,,
2025-05-09 01:36:58,7,,
2025-05-09 01:37:03,7,,
2025-05-09 01:37:08,7,,
2025-05-09 01:37:13,7,,
2025-05-09 01:37:19,7,,
2025-05-09 01:37:24,7,,
2025-05-09 01:37:29,7,,
2025-05-09 01:37:34,7,,
2025-05-09 01:37:39,7,,
2025-05-09 01:37:44,7,,
2025-05-09 01:37:50,7,,
2025-05-09 01:37:55,7,,
2025-05-09 01:38:00,7,,
2025-05-09 01:38:05,7,,
2025-05-09 01:38:11,7,,
2025-05-09 01:38:16,7,,
2025-05-09 01:38:21,7,,
2025-05-09 01:38:27,7,,
2025-05-09 01:38:32,7,,
2025-05-09 01:38:38,7,,
2025-05-09 01:38:43,7,,
2025-05-09 01:38:48,7,,
2025-05-09 01:38:53,7,,
2025-05-09 01:38:58,7,,
2025-05-09 01:39:04,7,,
2025-05-09 01:39:09,7,,
2025-05-09 01:39:14,7,,
2025-05-09 01:39:19,7,,
2025-05-09 01:39:24,7,,
2025-05-09 01:39:30,7,,
2025-05-09 01:39:35,7,,
2025-05-09 01:39:40,7,,
2025-05-09 01:39:45,7,,
2025-05-09 01:39:50,7,,
2025-05-09 01:39:56,7,,
2025-05-09 01:40:01,7,,
2025-05-09 01:40:06,7,,
2025-05-09 01:40:11,7,,
2025-05-09 01:40:16,7,,
2025-05-09 01:40:22,7,,
2025-05-09 01:40:27,7,,
2025-05-09 01:40:32,7,,
2025-05-09 01:40:37,7,,
2025-05-09 01:40:42,7,,
2025-05-09 01:40:48,7,,
2025-05-09 01:40:53,7,,
2025-05-09 01:40:58,7,,
2025-05-09 01:41:04,7,,
2025-05-09 01:41:09,7,,
2025-05-09 01:41:15,7,,
2025-05-09 01:41:20,7,,
2025-05-09 01:41:25,7,,
2025-05-09 01:41:31,7,,
2025-05-09 01:41:36,7,,
2025-05-09 01:41:41,7,,
2025-05-09 01:41:47,7,,
2025-05-09 01:41:52,7,,
2025-05-09 01:41:57,7,,
2025-05-09 01:42:02,7,,
2025-05-09 01:42:07,7,,
2025-05-09 01:42:13,7,,
2025-05-09 01:42:18,7,,
2025-05-09 01:42:23,7,,
2025-05-09 01:42:28,7,,
2025-05-09 01:42:33,7,,
2025-05-09 01:42:39,7,,
2025-05-09 01:42:44,7,,
2025-05-09 01:42:49,7,,
2025-05-09 01:42:54,7,,
2025-05-09 01:42:59,7,,
2025-05-09 01:43:04,7,,
2025-05-09 01:43:10,7,,
2025-05-09 01:43:15,7,,
2025-05-09 01:43:20,7,,
2025-05-09 01:43:25,7,,
2025-05-09 01:43:30,7,,
2025-05-09 01:43:36,7,,
2025-05-09 01:43:41,7,,
2025-05-09 01:43:46,7,,
2025-05-09 01:43:51,7,,
2025-05-09 01:43:57,7,,
2025-05-09 01:44:02,7,,
2025-05-09 01:44:07,7,,
2025-05-09 01:44:13,7,,
2025-05-09 01:44:18,7,,
2025-05-09 01:44:23,7,,
2025-05-09 01:44:28,7,,
2025-05-09 01:44:34,7,,
2025-05-09 01:44:39,7,,
2025-05-09 01:44:44,7,,
2025-05-09 01:44:49,7,,
2025-05-09 01:44:54,7,,
2025-05-09 01:44:59,7,,
2025-05-09 01:45:05,7,,
2025-05-09 01:45:10,7,,
2025-05-09 01:45:15,7,,
2025-05-09 01:45:20,7,,
2025-05-09 01:45:25,7,,
2025-05-09 01:45:30,7,,
2025-05-09 01:45:36,7,,
2025-05-09 01:45:41,7,,
2025-05-09 01:45:46,7,,
2025-05-09 01:45:51,7,,
2025-05-09 01:45:56,7,,
2025-05-09 01:46:02,7,,
2025-05-09 01:46:07,7,,
2025-05-09 01:46:12,7,,
2025-05-09 01:46:17,7,,
2025-05-09 01:46:22,7,,
2025-05-09 01:46:28,7,,
2025-05-09 01:46:33,7,,
2025-05-09 01:46:38,7,,
2025-05-09 01:46:43,7,,
2025-05-09 01:46:49,7,,
2025-05-09 01:46:54,7,,
2025-05-09 01:46:59,7,,
2025-05-09 01:47:05,7,,
2025-05-09 01:47:10,7,,
2025-05-09 01:47:15,7,,
2025-05-09 01:47:21,7,,
2025-05-09 01:47:26,7,,
2025-05-09 01:47:31,7,,
2025-05-09 01:47:36,7,,
2025-05-09 01:47:42,7,,
2025-05-09 01:47:47,7,,
2025-05-09 01:47:53,7,,
2025-05-09 01:47:58,7,,
2025-05-09 01:48:03,7,,
2025-05-09 01:48:08,7,,
2025-05-09 01:48:14,7,,
2025-05-09 01:48:19,7,,
2025-05-09 01:48:24,7,,
2025-05-09 01:48:30,7,,
2025-05-09 01:48:35,7,,
2025-05-09 01:48:40,7,,
2025-05-09 01:48:46,7,,
2025-05-09 01:48:51,7,,
2025-05-09 01:48:56,7,,
2025-05-09 01:49:02,7,,
2025-05-09 01:49:07,7,,
2025-05-09 01:49:12,7,,
2025-05-09 01:49:17,7,,
2025-05-09 01:49:23,7,,
2025-05-09 01:49:28,7,,
2025-05-09 01:49:33,7,,
2025-05-09 01:49:38,7,,
2025-05-09 01:49:43,7,,
2025-05-09 01:49:49,7,,
2025-05-09 01:49:54,7,,
2025-05-09 01:49:59,7,,
2025-05-09 01:50:04,7,,
2025-05-09 01:50:09,7,,
2025-05-09 01:50:14,7,,
2025-05-09 01:50:20,7,,
2025-05-09 01:50:25,7,,
2025-05-09 01:50:30,7,,
2025-05-09 01:50:35,7,,
2025-05-09 01:50:40,7,,
2025-05-09 01:50:45,7,,
2025-05-09 01:50:51,7,,
2025-05-09 01:50:56,7,,
2025-05-09 01:51:01,7,,
2025-05-09 01:51:06,7,,
2025-05-09 01:51:11,7,,
2025-05-09 01:51:16,7,,
2025-05-09 01:51:22,7,,
2025-05-09 01:51:27,7,,
2025-05-09 01:51:32,7,,
2025-05-09 01:51:37,7,,
2025-05-09 01:51:42,7,,
2025-05-09 01:51:48,7,,
2025-05-09 01:51:53,7,,
2025-05-09 01:51:58,7,,
2025-05-09 01:52:04,7,,
2025-05-09 01:52:09,7,,
2025-05-09 01:52:14,7,,
2025-05-09 01:52:19,7,,
2025-05-09 01:52:24,7,,
2025-05-09 01:52:30,7,,
2025-05-09 01:52:35,7,,
2025-05-09 01:52:40,7,,
2025-05-09 01:52:45,7,,
2025-05-09 01:52:50,7,,
2025-05-09 01:52:56,7,,
2025-05-09 01:53:01,7,,
2025-05-09 01:53:06,7,,
2025-05-09 01:53:11,7,,
2025-05-09 01:53:16,7,,
2025-05-09 01:53:21,7,,
2025-05-09 01:53:27,7,,
2025-05-09 01:53:32,7,,
2025-05-09 01:53:37,7,,
2025-05-09 01:53:42,7,,
2025-05-09 01:53:47,7,,
2025-05-09 01:53:53,7,,
2025-05-09 01:53:58,7,,
2025-05-09 01:54:03,7,,
2025-05-09 01:54:08,7,,
2025-05-09 01:54:13,7,,
2025-05-09 01:54:18,7,,
2025-05-09 01:54:24,7,,
2025-05-09 01:54:29,7,,
2025-05-09 01:54:34,7,,
2025-05-09 01:54:39,7,,
2025-05-09 01:54:44,7,,
2025-05-09 01:54:50,7,,
2025-05-09 01:54:55,7,,
2025-05-09 01:55:01,7,,
2025-05-09 01:55:06,7,,
2025-05-09 01:55:11,7,,
2025-05-09 01:55:16,7,,
2025-05-09 01:55:22,7,,
2025-05-09 01:55:27,7,,
2025-05-09 01:55:32,7,,
2025-05-09 01:55:38,7,,
2025-05-09 01:55:43,7,,
2025-05-09 01:55:48,7,,
2025-05-09 01:55:54,7,,
2025-05-09 01:55:59,7,,
2025-05-09 01:56:05,7,,
2025-05-09 01:56:10,7,,
2025-05-09 01:56:15,7,,
2025-05-09 01:56:21,7,,
2025-05-09 01:56:26,7,,
2025-05-09 01:56:31,7,,
2025-05-09 01:56:37,7,,
2025-05-09 01:56:42,7,,
2025-05-09 01:56:47,7,,
2025-05-09 01:56:53,7,,
2025-05-09 01:56:58,7,,
2025-05-09 01:57:03,7,,
2025-05-09 01:57:09,7,,
2025-05-09 01:57:14,7,,
2025-05-09 01:57:19,7,,
2025-05-09 01:57:25,7,,
2025-05-09 01:57:30,7,,
2025-05-09 01:57:35,7,,
2025-05-09 01:57:40,7,,
2025-05-09 01:57:46,7,,
2025-05-09 01:57:51,7,,
2025-05-09 01:57:56,7,,
2025-05-09 01:58:01,7,,
2025-05-09 01:58:06,7,,
2025-05-09 01:58:11,7,,
2025-05-09 01:58:17,7,,
2025-05-09 01:58:22,7,,
2025-05-09 01:58:27,7,,
2025-05-09 01:58:32,7,,
2025-05-09 01:58:37,7,,
2025-05-09 01:58:43,7,,
2025-05-09 01:58:48,7,,
2025-05-09 01:58:53,7,,
2025-05-09 01:58:58,7,,
2025-05-09 01:59:04,7,,
2025-05-09 01:59:09,7,,
2025-05-09 01:59:14,7,,
2025-05-09 01:59:19,7,,
2025-05-09 01:59:24,7,,
2025-05-09 01:59:29,7,,
2025-05-09 01:59:35,7,,
2025-05-09 01:59:40,7,,
2025-05-09 01:59:45,7,,
2025-05-09 01:59:50,7,,
2025-05-09 01:59:55,7,,
2025-05-09 02:00:00,7,,
2025-05-09 02:00:06,7,,
2025-05-09 02:00:11,7,,
2025-05-09 02:00:16,7,,
2025-05-09 02:00:21,7,,
2025-05-09 02:00:26,7,,
2025-05-09 02:00:32,7,,
2025-05-09 02:00:37,7,,
2025-05-09 02:00:42,7,,
2025-05-09 02:00:48,7,,
2025-05-09 02:00:53,7,,
2025-05-09 02:00:58,7,,
2025-05-09 02:01:04,7,,
2025-05-09 02:01:09,7,,
2025-05-09 02:01:14,7,,
2025-05-09 02:01:19,7,,
2025-05-09 02:02:07,7,master//node-1//node-2//node-3//node-4//node-5//node-6,
2025-05-09 02:02:12,7,,
2025-05-09 02:02:17,7,,
2025-05-09 02:02:22,7,,
2025-05-09 02:02:27,7,,
2025-05-09 02:02:33,7,,
2025-05-09 02:02:38,7,,
2025-05-09 02:02:43,7,,
2025-05-09 02:02:48,7,,
2025-05-09 02:02:53,7,,
2025-05-09 02:02:59,7,,
2025-05-09 02:03:04,7,,
2025-05-09 02:03:09,7,,
2025-05-09 02:03:14,7,,
2025-05-09 02:03:19,7,,
2025-05-09 02:03:25,7,,
2025-05-09 02:03:30,7,,
2025-05-09 02:03:35,7,,
2025-05-09 02:03:40,7,,
2025-05-09 02:03:45,7,,
2025-05-09 02:03:51,7,,
2025-05-09 02:03:56,7,,
2025-05-09 02:04:01,7,,
2025-05-09 02:04:06,7,,
2025-05-09 02:04:11,7,,
2025-05-09 02:04:17,7,,
2025-05-09 02:04:22,7,,
2025-05-09 02:04:27,7,,
2025-05-09 02:04:32,7,,
2025-05-09 02:04:37,7,,
2025-05-09 02:04:43,7,,
2025-05-09 02:04:48,7,,
2025-05-09 02:04:53,7,,
2025-05-09 02:04:58,7,,
2025-05-09 02:05:03,7,,
2025-05-09 02:05:09,7,,
2025-05-09 02:05:14,7,,
2025-05-09 02:05:19,7,,
2025-05-09 02:05:24,7,,
2025-05-09 02:05:29,7,,
2025-05-09 02:05:35,7,,
2025-05-09 02:05:40,7,,
2025-05-09 02:05:45,7,,
2025-05-09 02:05:50,7,,
2025-05-09 02:05:55,7,,
2025-05-09 02:06:01,7,,
2025-05-09 02:06:06,7,,
2025-05-09 02:06:11,7,,
2025-05-09 02:06:16,7,,
